employee_code,period,basic_salary,fixed_allowances,shift_allowances,overtime_pay,bonus,gross_earnings,attendance_deduction,no_pay_deduction,loan_deduction,total_deductions,net_salary,status
EMP0001,2025-10,423400,11717,0,2493.58,0,437610.58,6004.95,0,4526,10530.95,427079.63,PAID
EMP0002,2025-10,189600,9957,0,6061.73,0,205618.73,4193.08,29169.23,0,33362.31,172256.42,PAID
EMP0003,2025-10,58700,9559,0,2645.73,0,70904.73,1486.31,6773.08,0,8259.39,62645.34,PAID
EMP0004,2025-10,49300,8262,0,959.93,0,58521.93,0,0,0,0,58521.93,PAID
EMP0005,2025-10,59300,10158,0,2245.13,0,71703.13,912.31,4561.54,4479,9952.85,61750.28,PAID
EMP0007,2025-10,60900,11835,0,4289.35,0,77024.35,112.24,0,0,112.24,76912.11,PAID
EMP0008,2025-10,53500,11262,0,1433.95,0,66195.95,625.88,4115.38,0,4741.26,61454.69,PAID
EMP0009,2025-10,205600,9298,0,6499.13,0,221397.13,2454.68,7907.69,5231,15593.37,205803.76,PAID
EMP0010,2025-10,95600,12247,6870,1803.99,0,116520.99,995.83,11030.77,0,12026.6,104494.39,PAID
EMP0011,2025-10,99200,11548,6136,620,0,117504,596.15,3815.38,0,4411.53,113092.47,PAID
EMP0012,2025-10,108400,10649,5860,1042.31,0,125951.31,1242.08,12507.69,0,13749.77,112201.54,PAID
EMP0013,2025-10,91000,11283,4698,6715.63,0,113696.63,408.33,17500,0,17908.33,95788.3,PAID
EMP0014,2025-10,84800,12072,6549,845.96,0,104266.96,1433.72,22830.77,0,24264.49,80002.47,PAID
EMP0015,2025-10,77100,9701,6873,0,0,93674,1044.06,0,0,1044.06,92629.94,PAID
EMP0016,2025-10,76500,10668,5364,147.12,0,92679.12,1287.26,5884.62,0,7171.88,85507.24,PAID
EMP0017,2025-10,61700,11044,6035,1512.84,0,80291.84,934.4,2373.08,2902,6209.48,74082.36,PAID
EMP0018,2025-10,57200,9831,5652,1519.38,0,74202.38,201.67,2200,0,2401.67,71800.71,PAID
EMP0019,2025-10,56400,10171,6343,2826.78,0,75740.78,302.79,0,0,302.79,75437.99,PAID
EMP0020,2025-10,63500,10084,5400,1205.89,0,80189.89,427.4,0,0,427.4,79762.49,PAID
EMP0022,2025-10,56800,11560,5722,1549.71,0,75631.71,0,2184.62,0,2184.62,73447.09,PAID
EMP0023,2025-10,61100,11154,6627,888.59,0,79769.59,1130.94,0,0,1130.94,78638.65,PAID
EMP0024,2025-10,57000,10639,6456,1897.72,0,75992.72,493.27,0,0,493.27,75499.45,PAID
EMP0025,2025-10,63600,9153,5528,2560.82,0,80841.82,591.15,2446.15,0,3037.3,77804.52,PAID
EMP0026,2025-10,51900,10057,4356,1041.74,0,67354.74,573.89,7984.62,0,8558.51,58796.23,PAID
EMP0027,2025-10,63500,10227,6035,4197.72,0,83959.72,351.08,2442.31,0,2793.39,81166.33,PAID
EMP0028,2025-10,59200,9832,4182,1031.73,0,74245.73,474.36,0,0,474.36,73771.37,PAID
EMP0030,2025-10,59500,10019,6640,529.21,0,76688.21,1149,4576.92,7848,13573.92,63114.29,PAID
EMP0031,2025-10,64900,11569,4819,1794.11,6182,89264.11,379.62,0,0,379.62,88884.49,PAID
EMP0032,2025-10,64500,11097,6013,1914.84,0,83524.84,1131.85,7442.31,0,8574.16,74950.68,PAID
EMP0033,2025-10,57000,9428,5824,952.28,0,73204.28,758.17,10961.54,0,11719.71,61484.57,PAID
EMP0034,2025-10,62600,10682,5658,3340.67,0,82280.67,406.3,2407.69,0,2813.99,79466.68,PAID
EMP0035,2025-10,58400,9534,6265,1445.96,0,75644.96,730,2246.15,0,2976.15,72668.81,PAID
EMP0037,2025-10,40000,10972,4910,216.35,0,56098.35,131.41,0,0,131.41,55966.94,PAID
EMP0038,2025-10,43400,11890,6382,292.12,0,61964.12,525.11,5007.69,0,5532.8,56431.32,PAID
EMP0039,2025-10,40900,10671,5990,575.16,0,58136.16,507.97,0,0,507.97,57628.19,PAID
EMP0040,2025-10,39600,10920,6906,861.49,0,58287.49,317.31,7615.38,7186,15118.69,43168.8,PAID
EMP0041,2025-10,45900,10653,6867,391.69,0,63811.69,456.06,3530.77,0,3986.83,59824.86,PAID
EMP0042,2025-10,42300,9243,6226,904.98,0,58673.98,525.36,6507.69,0,7033.05,51640.93,PAID
EMP0043,2025-10,45500,10397,5392,1575,0,62864,32.81,0,0,32.81,62831.19,PAID
EMP0044,2025-10,41000,11256,6802,409.01,0,59467.01,584.78,3153.85,0,3738.63,55728.38,PAID
EMP0045,2025-10,39200,10231,4049,306.25,0,53786.25,530.83,3015.38,0,3546.21,50240.04,PAID
EMP0046,2025-10,41400,10006,6411,1686.85,0,59503.85,255.43,3184.62,0,3440.05,56063.8,PAID
EMP0047,2025-10,29900,9905,4900,1002.66,0,45707.66,323.44,1150,0,1473.44,44234.22,PAID
EMP0049,2025-10,185500,10523,0,4080.11,0,200103.11,1857.97,0,0,1857.97,198245.14,PAID
EMP0050,2025-10,86500,10947,4675,1008.47,7877,111007.47,1989.22,0,3121,5110.22,105897.25,PAID
EMP0051,2025-10,94900,10323,4559,3170.94,11216,124168.94,2828.75,7300,2868,12996.75,111172.19,PAID
EMP0052,2025-10,53000,10912,6230,783.53,0,70925.53,174.12,2038.46,0,2212.58,68712.95,PAID
EMP0054,2025-10,52200,11486,4671,708.97,0,69065.97,435,2007.69,0,2442.69,66623.28,PAID
EMP0055,2025-10,59100,10888,6675,1768.74,0,78431.74,383.58,2273.08,0,2656.66,75775.08,PAID
EMP0057,2025-10,52200,8749,4518,2352.76,0,67819.76,723.61,4015.38,0,4738.99,63080.77,PAID
EMP0059,2025-10,57900,11197,5130,1906.8,0,76133.8,1159.86,8907.69,0,10067.55,66066.25,PAID
EMP0061,2025-10,185200,11021,0,7879.9,0,204100.9,2938.27,14246.15,0,17184.42,186916.48,PAID
EMP0062,2025-10,93500,10309,6544,4854.81,0,115207.81,1678.21,14384.62,4464,20526.83,94680.98,PAID
EMP0063,2025-10,111100,9640,6033,2870.97,0,129643.97,1584.6,4273.08,0,5857.68,123786.29,PAID
EMP0064,2025-10,55300,11410,5177,2831.47,0,74718.47,872.92,4253.85,0,5126.77,69591.7,PAID
EMP0065,2025-10,67000,10970,4297,2786.3,0,85053.3,955.61,2576.92,0,3532.53,81520.77,PAID
EMP0066,2025-10,53200,10492,6971,1381.15,0,72044.15,720.42,10230.77,0,10951.19,61092.96,PAID
EMP0067,2025-10,61100,10687,4912,1850.63,0,78549.63,0,0,0,0,78549.63,PAID
EMP0068,2025-10,52900,10083,5401,1793,0,70177,470.5,2034.62,0,2505.12,67671.88,PAID
EMP0069,2025-10,65300,12109,6111,2692.06,0,86212.06,512.77,10046.15,0,10558.92,75653.14,PAID
EMP0070,2025-10,62900,11975,4478,1640.54,0,80993.54,599.77,4838.46,0,5438.23,75555.31,PAID
EMP0071,2025-10,189900,11620,0,3788.87,0,205308.87,2556.35,14607.69,0,17164.04,188144.83,PAID
EMP0072,2025-10,99500,11039,0,3480.11,14648,128667.11,1722.12,15307.69,0,17029.81,111637.3,PAID
EMP0073,2025-10,92600,10676,0,1613.82,5911,110800.82,437.77,7123.08,0,7560.85,103239.97,PAID
EMP0075,2025-10,51100,9130,0,878.28,0,61108.28,712.45,1965.38,0,2677.83,58430.45,PAID
EMP0076,2025-10,52100,9448,0,738.92,0,62286.92,738.92,6011.54,0,6750.46,55536.46,PAID
EMP0077,2025-10,44100,11629,0,1213.81,0,56942.81,735,0,0,735,56207.81,PAID
EMP0078,2025-10,49700,9317,0,483.86,0,59500.86,183.19,0,0,183.19,59317.67,PAID
EMP0079,2025-10,53500,10112,0,3420.91,6612,73644.91,1045.99,4115.38,2631,7792.37,65852.54,PAID
EMP0080,2025-10,53200,11231,0,1413.13,0,65844.13,524.33,2046.15,0,2570.48,63273.65,PAID
EMP0082,2025-10,47300,9826,0,591.25,0,57717.25,632.94,5457.69,0,6090.63,51626.62,PAID
EMP0083,2025-10,191100,11748,0,7097.34,0,209945.34,0,0,0,0,209945.34,PAID
EMP0084,2025-10,150200,11457,0,4621.54,9723,176001.54,1600.69,5776.92,0,7377.61,168623.93,PAID
EMP0085,2025-10,72800,9616,0,1566.25,0,83982.25,595,8400,0,8995,74987.25,PAID
EMP0086,2025-10,77700,9757,0,4968.32,0,92425.32,348.65,0,5596,5944.65,86480.67,PAID
EMP0087,2025-10,66000,10675,0,2705.05,0,79380.05,687.5,2538.46,7309,10534.96,68845.09,PAID
EMP0089,2025-10,76400,9448,0,2846.63,0,88694.63,422.4,5876.92,0,6299.32,82395.31,PAID
EMP0091,2025-10,234900,9269,0,8413.49,0,252582.49,3350.34,45173.08,0,48523.42,204059.07,PAID
EMP0092,2025-10,149500,10002,0,3539.84,0,163041.84,0,0,0,0,163041.84,PAID
EMP0093,2025-10,71400,11101,0,2780.48,0,85281.48,783.8,5492.31,0,6276.11,79005.37,PAID
EMP0094,2025-10,68500,10560,0,2980.41,0,82040.41,521.43,5269.23,0,5790.66,76249.75,PAID
EMP0095,2025-10,74400,9571,0,3013.56,0,86984.56,238.46,0,0,238.46,86746.1,PAID
EMP0096,2025-10,74400,10704,0,1877.88,0,86981.88,1126.73,17169.23,0,18295.96,68685.92,PAID
EMP0097,2025-10,80000,11499,0,884.62,0,92383.62,1115.38,6153.85,0,7269.23,85114.39,PAID
EMP0098,2025-10,80000,11039,0,2211.54,0,93250.54,0,3076.92,0,3076.92,90173.62,PAID
EMP0100,2025-10,79700,11181,0,3256.97,0,94137.97,938.77,3065.38,0,4004.15,90133.82,PAID
EMP0001,2025-11,423400,10093,0,5801.39,0,439294.39,3155.14,0,7844,10999.14,428295.25,PAID
EMP0002,2025-11,189600,9620,0,0,0,199220,3311.92,21876.92,0,25188.84,174031.16,PAID
EMP0003,2025-11,58700,10576,0,917.19,0,70193.19,714.94,11288.46,0,12003.4,58189.79,PAID
EMP0004,2025-11,49300,8282,0,1380.64,0,58962.64,205.42,0,0,205.42,58757.22,PAID
EMP0005,2025-11,59300,8529,0,798.27,0,68627.27,798.27,4561.54,0,5359.81,63267.46,PAID
EMP0007,2025-11,60900,9448,0,1017.44,0,71365.44,224.47,0,0,224.47,71140.97,PAID
EMP0008,2025-11,53500,11635,0,739.48,0,65874.48,831.65,4115.38,0,4947.03,60927.45,PAID
EMP0009,2025-11,205600,11388,0,6301.44,0,223289.44,3509.04,7907.69,0,11416.73,211872.71,PAID
EMP0010,2025-11,95600,10683,6849,241.3,0,113373.3,942.21,7353.85,0,8296.06,105077.24,PAID
EMP0011,2025-11,99200,9010,4953,2491.92,0,115654.92,1041.28,7630.77,0,8672.05,106982.87,PAID
EMP0012,2025-11,108400,10508,6992,599.33,0,126499.33,1224.71,4169.23,0,5393.94,121105.39,PAID
EMP0013,2025-11,91000,8212,6437,1126.56,0,106775.56,838.54,0,0,838.54,105937.02,PAID
EMP0014,2025-11,84800,11188,6320,2915,0,105223,761.03,16307.69,0,17068.72,88154.28,PAID
EMP0015,2025-11,77100,10445,4823,2715.18,0,95083.18,1235.58,0,0,1235.58,93847.6,PAID
EMP0016,2025-11,76500,9836,4222,1526.32,0,92084.32,490.38,8826.92,0,9317.3,82767.02,PAID
EMP0017,2025-11,61700,9058,6355,1794.64,0,78907.64,766.31,2373.08,3822,6961.39,71946.25,PAID
EMP0018,2025-11,57200,10019,5095,1031.25,16878,90223.25,22.92,4400,0,4422.92,85800.33,PAID
EMP0019,2025-11,56400,8798,5670,1877.74,0,72745.74,0,0,0,0,72745.74,PAID
EMP0020,2025-11,63500,10577,5665,2381.25,0,82123.25,157.73,2442.31,0,2600.04,79523.21,PAID
EMP0022,2025-11,56800,8496,6372,2355.29,0,74023.29,386.86,0,5720,6106.86,67916.43,PAID
EMP0023,2025-11,61100,11498,4883,2327.97,0,79808.97,235,9400,0,9635,70173.97,PAID
EMP0024,2025-11,57000,10005,5944,3185.7,0,76134.7,173.56,0,0,173.56,75961.14,PAID
EMP0025,2025-11,63600,12051,5184,1184.86,0,82019.86,468.85,2446.15,0,2915,79104.86,PAID
EMP0026,2025-11,51900,8542,6673,1609.4,0,68724.4,453.29,3992.31,0,4445.6,64278.8,PAID
EMP0027,2025-11,63500,11034,4876,419.77,0,79829.77,518.99,2442.31,7152,10113.3,69716.47,PAID
EMP0028,2025-11,59200,11176,6419,1238.08,0,78033.08,588.21,4553.85,0,5142.06,72891.02,PAID
EMP0030,2025-11,59500,10803,5285,1044.11,0,76632.11,519.67,2288.46,0,2808.13,73823.98,PAID
EMP0031,2025-11,64900,11941,6296,0,0,83137,0,0,2838,2838,80299,PAID
EMP0032,2025-11,64500,10120,4920,2395.49,0,81935.49,201.56,4961.54,0,5163.1,76772.39,PAID
EMP0033,2025-11,57000,11111,4372,2918.51,0,75401.51,502.4,4384.62,0,4887.02,70514.49,PAID
EMP0034,2025-11,62600,12177,4129,112.86,0,79018.86,978.13,7223.08,0,8201.21,70817.65,PAID
EMP0035,2025-11,58400,11001,4645,2611.15,0,76657.15,280.77,0,2837,3117.77,73539.38,PAID
EMP0037,2025-11,40000,12603,5296,1485.58,9870,69254.58,137.82,0,0,137.82,69116.76,PAID
EMP0038,2025-11,43400,11040,6722,448.61,0,61610.61,438.17,3338.46,0,3776.63,57833.98,PAID
EMP0039,2025-11,40900,10208,5615,742.3,0,57465.3,566.96,0,0,566.96,56898.34,PAID
EMP0040,2025-11,39600,11900,5318,214.18,0,57032.18,736.15,3046.15,0,3782.3,53249.88,PAID
EMP0041,2025-11,45900,11693,4995,579.27,5145,68312.27,331.01,3530.77,0,3861.78,64450.49,PAID
EMP0042,2025-11,42300,8654,5405,960.9,0,57319.9,640.6,3253.85,2635,6529.45,50790.45,PAID
EMP0043,2025-11,45500,8289,5571,1421.88,0,60781.88,0,0,0,0,60781.88,PAID
EMP0044,2025-11,41000,10164,5688,1675.48,0,58527.48,423.8,0,0,423.8,58103.68,PAID
EMP0045,2025-11,39200,10680,4156,320.38,0,54356.38,590.51,4523.08,0,5113.59,49242.79,PAID
EMP0046,2025-11,41400,8920,4468,1711.73,0,56499.73,136.01,0,3107,3243.01,53256.72,PAID
EMP0047,2025-11,29900,11501,6763,204.84,0,48368.84,198.85,2300,0,2498.85,45869.99,PAID
EMP0049,2025-11,185500,11088,0,4771.27,12046,213405.27,2749.8,0,0,2749.8,210655.47,PAID
EMP0050,2025-11,86500,10235,4649,3472.48,0,104856.48,1060.46,6653.85,0,7714.31,97142.17,PAID
EMP0051,2025-11,94900,12006,5115,2726.09,0,114747.09,1490.42,14600,0,16090.42,98656.67,PAID
EMP0052,2025-11,53000,10585,5247,1382.33,0,70214.33,428.93,8153.85,0,8582.78,61631.55,PAID
EMP0054,2025-11,52200,10672,5046,2710.38,0,70628.38,552.12,4015.38,0,4567.5,66060.88,PAID
EMP0055,2025-11,59100,10800,5995,2351.21,0,78246.21,738.75,2273.08,0,3011.83,75234.38,PAID
EMP0057,2025-11,52200,8530,6348,947.38,0,68025.38,288.61,0,5049,5337.61,62687.77,PAID
EMP0059,2025-11,57900,9517,4770,528.89,0,72715.89,528.89,2226.92,0,2755.81,69960.08,PAID
EMP0061,2025-11,185200,11784,0,690.05,0,197674.05,2359.52,21369.23,0,23728.75,173945.3,PAID
EMP0062,2025-11,93500,10543,6580,876.56,0,111499.56,1835.54,7192.31,0,9027.85,102471.71,PAID
EMP0063,2025-11,111100,8315,5122,3552,0,128089,925.83,4273.08,0,5198.91,122890.09,PAID
EMP0064,2025-11,55300,10647,6394,2824.82,0,75165.82,819.75,0,0,819.75,74346.07,PAID
EMP0065,2025-11,67000,10114,4486,209.38,0,81809.38,338.22,7730.77,0,8068.99,73740.39,PAID
EMP0066,2025-11,53200,9443,5774,1374.76,0,69791.76,332.5,6138.46,0,6470.96,63320.8,PAID
EMP0067,2025-11,61100,10949,6361,1101.56,0,79511.56,117.5,0,0,117.5,79394.06,PAID
EMP0068,2025-11,52900,11660,4205,909.22,0,69674.22,406.92,4069.23,0,4476.15,65198.07,PAID
EMP0069,2025-11,65300,10758,4875,3139.42,0,84072.42,638.35,0,0,638.35,83434.07,PAID
EMP0070,2025-11,62900,9739,5969,2056.35,0,80664.35,1068.49,4838.46,0,5906.95,74757.4,PAID
EMP0071,2025-11,189900,12388,0,2875.89,0,205163.89,1673.8,21911.54,0,23585.34,181578.55,PAID
EMP0072,2025-11,99500,9924,0,2379.87,0,111803.87,1514.82,7653.85,0,9168.67,102635.2,PAID
EMP0073,2025-11,92600,9187,0,3138.61,0,104925.61,1001.68,7123.08,0,8124.76,96800.85,PAID
EMP0075,2025-11,51100,10405,0,915.13,0,62420.13,221.11,0,0,221.11,62199.02,PAID
EMP0076,2025-11,52100,10621,0,532.27,0,63253.27,801.54,2003.85,0,2805.39,60447.88,PAID
EMP0077,2025-11,44100,8983,0,2141.39,0,55224.39,222.62,6784.62,0,7007.24,48217.15,PAID
EMP0078,2025-11,49700,11634,0,2001.14,0,63335.14,191.15,0,0,191.15,63143.99,PAID
EMP0079,2025-11,53500,10904,0,122.18,0,64526.18,913.1,0,0,913.1,63613.08,PAID
EMP0080,2025-11,53200,11611,0,0,0,64811,481.7,4092.31,7833,12407.01,52403.99,PAID
EMP0082,2025-11,47300,11881,0,1046.06,8662,68889.06,413.12,1819.23,0,2232.35,66656.71,PAID
EMP0083,2025-11,191100,9615,0,3284.53,0,203999.53,275.63,0,0,275.63,203723.9,PAID
EMP0084,2025-11,150200,10072,0,1678.92,0,161950.92,2407.05,5776.92,0,8183.97,153766.95,PAID
EMP0085,2025-11,72800,11850,0,980,0,85630,1102.5,8400,5960,15462.5,70167.5,PAID
EMP0086,2025-11,77700,8870,0,1914.48,0,88484.48,168.1,0,0,168.1,88316.38,PAID
EMP0087,2025-11,66000,12014,0,2284.62,0,80298.62,216.83,0,0,216.83,80081.79,PAID
EMP0089,2025-11,76400,10632,0,945.82,0,87977.82,1108.04,2938.46,0,4046.5,83931.32,PAID
EMP0091,2025-11,234900,11950,0,903.46,0,247753.46,2597.45,9034.62,0,11632.07,236121.39,PAID
EMP0092,2025-11,149500,9248,0,503.12,0,159251.12,179.69,0,0,179.69,159071.43,PAID
EMP0093,2025-11,71400,9806,0,3106.59,0,84312.59,1390.24,0,0,1390.24,82922.35,PAID
EMP0094,2025-11,68500,9813,0,2428.79,0,80741.79,598.28,5269.23,0,5867.51,74874.28,PAID
EMP0095,2025-11,74400,11230,0,724.33,0,86354.33,71.54,0,0,71.54,86282.79,PAID
EMP0096,2025-11,74400,9375,0,366.63,0,84141.63,1347.31,5723.08,0,7070.39,77071.24,PAID
EMP0097,2025-11,80000,10034,0,692.31,0,90726.31,756.41,3076.92,0,3833.33,86892.98,PAID
EMP0098,2025-11,80000,11507,0,2961.54,0,94468.54,0,0,0,0,94468.54,PAID
EMP0100,2025-11,79700,11710,0,3161.18,0,94571.18,1424.13,3065.38,0,4489.51,90081.67,PAID
EMP0001,2025-12,423400,9653,0,3867.6,0,436920.6,6106.73,0,0,6106.73,430813.87,PAID
EMP0002,2025-12,189600,9657,0,3441.06,0,202698.06,4193.08,21876.92,0,26070,176628.06,PAID
EMP0003,2025-12,58700,10498,0,1975.48,0,71173.48,936,4515.38,0,5451.38,65722.1,PAID
EMP0004,2025-12,49300,9422,0,811.79,0,59533.79,193.57,1896.15,0,2089.72,57444.07,PAID
EMP0005,2025-12,59300,9993,0,0,0,69293,565.44,9123.08,0,9688.52,59604.48,PAID
EMP0007,2025-12,60900,10100,0,614.86,0,71614.86,165.91,0,0,165.91,71448.95,PAID
EMP0008,2025-12,53500,9073,0,1568.99,0,64141.99,394.39,4115.38,0,4509.77,59632.22,PAID
EMP0009,2025-12,205600,10605,0,0,0,216205,2454.68,7907.69,0,10362.37,205842.63,PAID
EMP0010,2025-12,95600,11160,4594,3021.97,0,114375.97,720.06,0,2798,3518.06,110857.91,PAID
EMP0011,2025-12,99200,12026,6771,2754.23,5411,126162.23,1271.79,7630.77,6034,14936.56,111225.67,PAID
EMP0012,2025-12,108400,12306,5942,1446.2,0,128094.2,2145.42,8338.46,3342,13825.88,114268.32,PAID
EMP0013,2025-12,91000,12041,5948,1957.81,0,110946.81,612.5,10500,0,11112.5,99834.31,PAID
EMP0014,2025-12,84800,9865,5788,825.58,0,101278.58,998.85,6523.08,0,7521.93,93756.65,PAID
EMP0015,2025-12,77100,8994,6098,4531.48,0,96723.48,796.95,5930.77,7011,13738.72,82984.76,PAID
EMP0016,2025-12,76500,12793,4003,1213.7,0,94509.7,1109.5,5884.62,0,6994.12,87515.58,PAID
EMP0017,2025-12,61700,11351,5714,1357.1,0,80122.1,1072.83,2373.08,0,3445.91,76676.19,PAID
EMP0018,2025-12,57200,10501,4958,3217.5,0,75876.5,994.58,4400,0,5394.58,70481.92,PAID
EMP0019,2025-12,56400,9089,4945,2237.02,0,72671.02,262.12,0,0,262.12,72408.9,PAID
EMP0020,2025-12,63500,10651,4587,259.5,0,78997.5,55.97,0,0,55.97,78941.53,PAID
EMP0022,2025-12,56800,10619,6323,798.75,0,74540.75,36.41,0,0,36.41,74504.34,PAID
EMP0023,2025-12,61100,10819,4074,1042.81,0,77035.81,832.29,2350,0,3182.29,73853.52,PAID
EMP0024,2025-12,57000,10785,6534,1925.12,5621,81865.12,178.13,0,0,178.13,81686.99,PAID
EMP0025,2025-12,63600,10223,4696,1368.32,0,79887.32,1105.87,0,0,1105.87,78781.45,PAID
EMP0026,2025-12,51900,10577,4002,1734.16,0,68213.16,790.14,3992.31,0,4782.45,63430.71,PAID
EMP0027,2025-12,63500,11190,4146,1640.93,0,80476.93,1185.54,4884.62,6237,12307.16,68169.77,PAID
EMP0028,2025-12,59200,9985,4071,1551.15,12373,87180.15,203.97,0,0,203.97,86976.18,PAID
EMP0029,2025-12,63500,9676,4823,1045.61,0,79044.61,55.97,2442.31,0,2498.28,76546.33,PAID
EMP0030,2025-12,59500,8309,6376,700.84,0,74885.84,462.46,4576.92,0,5039.38,69846.46,PAID
EMP0031,2025-12,64900,11648,5674,1833.11,10846,94901.11,239.21,0,0,239.21,94661.9,PAID
EMP0032,2025-12,64500,10233,6986,1372.18,0,83091.18,697.72,4961.54,0,5659.26,77431.92,PAID
EMP0033,2025-12,57000,10443,6900,2548.56,0,76891.56,1251.44,4384.62,0,5636.06,71255.5,PAID
EMP0034,2025-12,62600,10489,4289,2204.54,0,79582.54,536.71,2407.69,0,2944.4,76638.14,PAID
EMP0035,2025-12,58400,11547,4551,1137.12,0,75635.12,1197.95,0,0,1197.95,74437.17,PAID
EMP0037,2025-12,40000,10949,6833,673.08,0,58455.08,342.95,0,0,342.95,58112.13,PAID
EMP0038,2025-12,43400,10275,5004,1726.61,0,60405.61,375.58,1669.23,0,2044.81,58360.8,PAID
EMP0039,2025-12,40900,10770,6740,353.94,0,58763.94,203.19,3146.15,0,3349.34,55414.6,PAID
EMP0040,2025-12,39600,9933,5461,1789.62,0,56783.62,685.38,3046.15,0,3731.53,53052.09,PAID
EMP0041,2025-12,45900,10695,5857,794.42,0,63246.42,478.13,5296.15,0,5774.28,57472.14,PAID
EMP0042,2025-12,42300,9285,6897,747.37,0,59229.37,1176.13,3253.85,0,4429.98,54799.39,PAID
EMP0043,2025-12,45500,11840,4936,2258.59,0,64534.59,0,0,0,0,64534.59,PAID
EMP0044,2025-12,41000,10675,6076,990.5,0,58741.5,216.83,4730.77,0,4947.6,53793.9,PAID
EMP0045,2025-12,39200,11262,6372,471.15,0,57305.15,358.08,6030.77,0,6388.85,50916.3,PAID
EMP0046,2025-12,41400,9469,6435,1915.75,0,59219.75,182.45,0,2506,2688.45,56531.3,PAID
EMP0047,2025-12,29900,12909,5503,1753.75,0,50065.75,241.98,2300,0,2541.98,47523.77,PAID
EMP0049,2025-12,185500,10876,0,6510.34,0,202886.34,2571.43,0,2414,4985.43,197900.91,PAID
EMP0050,2025-12,86500,12786,6780,1195.61,0,107261.61,1774.36,9980.77,0,11755.13,95506.48,PAID
EMP0051,2025-12,94900,10696,4682,456.25,0,110734.25,1247.08,10950,0,12197.08,98537.17,PAID
EMP0052,2025-12,53000,9089,4905,1375.96,0,68369.96,632.77,2038.46,0,2671.23,65698.73,PAID
EMP0054,2025-12,52200,11321,6192,232.14,9019,78964.14,1367.74,2007.69,0,3375.43,75588.71,PAID
EMP0055,2025-12,59100,10764,5689,255.72,0,75808.72,1221.78,4546.15,0,5767.93,70040.79,PAID
EMP0057,2025-12,52200,11604,5029,1913.58,0,70746.58,221.68,8030.77,0,8252.45,62494.13,PAID
EMP0059,2025-12,57900,9884,6821,800.3,0,75405.3,491.78,2226.92,4406,7124.7,68280.6,PAID
EMP0061,2025-12,185200,9335,0,4563.22,0,199098.22,3338.94,7123.08,2810,13272.02,185826.2,PAID
EMP0062,2025-12,93500,9710,4457,2595.97,17891,128153.97,1311.1,10788.46,0,12099.56,116054.41,PAID
EMP0063,2025-12,111100,12307,4746,3765.65,0,131918.65,1130.58,0,6442,7572.58,124346.07,PAID
EMP0064,2025-12,55300,10099,6077,564.96,0,72040.96,319.04,2126.92,0,2445.96,69595,PAID
EMP0065,2025-12,67000,11667,4485,1594.47,0,84746.47,461.7,12884.62,0,13346.32,71400.15,PAID
EMP0066,2025-12,53200,9264,5671,2544.9,0,70679.9,1210.64,2046.15,0,3256.79,67423.11,PAID
EMP0067,2025-12,61100,10280,5020,2658.44,0,79058.44,279.06,0,6949,7228.06,71830.38,PAID
EMP0068,2025-12,52900,10884,4494,2015.54,0,70293.54,983.4,0,0,983.4,69310.14,PAID
EMP0069,2025-12,65300,11138,4242,2456.6,12307,95443.6,282.55,2511.54,0,2794.09,92649.51,PAID
EMP0070,2025-12,62900,9057,6160,415.81,0,78532.81,786.25,9676.92,0,10463.17,68069.64,PAID
EMP0071,2025-12,189900,9842,0,7144.07,6576,213462.07,2754.16,7303.85,0,10058.01,203404.06,PAID
EMP0072,2025-12,99500,10950,0,2846.27,0,113296.27,1482.93,7653.85,0,9136.78,104159.49,PAID
EMP0073,2025-12,92600,9993,0,589.88,0,103182.88,1068.46,17807.69,0,18876.15,84306.73,PAID
EMP0075,2025-12,51100,11438,0,2702.4,0,65240.4,356.23,0,0,356.23,64884.17,PAID
EMP0076,2025-12,52100,9764,0,1665.7,0,63529.7,421.64,2003.85,0,2425.49,61104.21,PAID
EMP0077,2025-12,44100,9240,0,3657.33,0,56997.33,575.99,0,0,575.99,56421.34,PAID
EMP0078,2025-12,49700,12564,0,215.05,0,62479.05,410.18,0,0,410.18,62068.87,PAID
EMP0079,2025-12,53500,11995,0,2334.19,0,67829.19,377.24,4115.38,0,4492.62,63336.57,PAID
EMP0080,2025-12,53200,8919,0,1272.45,0,63391.45,383.65,2046.15,0,2429.8,60961.65,PAID
EMP0082,2025-12,47300,9269,0,1336,0,57905,1000.58,7276.92,0,8277.5,49627.5,PAID
EMP0083,2025-12,191100,10620,0,2710.31,15616,220046.31,1010.63,0,0,1010.63,219035.68,PAID
EMP0084,2025-12,150200,11291,0,5885.24,0,167376.24,1901.57,11553.85,0,13455.42,153920.82,PAID
EMP0085,2025-12,72800,10892,0,2686.25,0,86378.25,478.33,5600,0,6078.33,80299.92,PAID
EMP0086,2025-12,77700,12536,0,2110.6,0,92346.6,136.97,0,0,136.97,92209.63,PAID
EMP0087,2025-12,66000,10890,0,1983.17,0,78873.17,1232.21,2538.46,0,3770.67,75102.5,PAID
EMP0088,2025-12,72800,10205,0,647.5,0,83652.5,554.17,2800,0,3354.17,80298.33,PAID
EMP0089,2025-12,76400,9843,0,2047.74,0,88290.74,795.83,0,0,795.83,87494.91,PAID
EMP0091,2025-12,234900,10255,0,4122.04,0,249277.04,2013.97,0,3142,5155.97,244121.07,PAID
EMP0092,2025-12,149500,11642,0,3324.22,0,164466.22,0,0,0,0,164466.22,PAID
EMP0093,2025-12,71400,12321,0,3389.78,0,87110.78,829.57,0,0,829.57,86281.21,PAID
EMP0094,2025-12,68500,10516,0,1975.96,0,80991.96,850.76,5269.23,0,6119.99,74871.97,PAID
EMP0095,2025-12,74400,9311,0,3380.19,0,87091.19,0,0,0,0,87091.19,PAID
EMP0096,2025-12,74400,10281,0,2298.17,0,86979.17,1073.08,5723.08,0,6796.16,80183.01,PAID
EMP0097,2025-12,80000,10094,0,4413.46,0,94507.46,698.72,0,0,698.72,93808.74,PAID
EMP0098,2025-12,80000,11150,0,1653.85,0,92803.85,0,0,0,0,92803.85,PAID
EMP0100,2025-12,79700,9874,0,1571.01,0,91145.01,1200.61,6130.77,0,7331.38,83813.63,PAID
EMP0001,2026-01,423400,11402,0,21882.45,0,456684.45,7836.97,32569.23,0,40406.2,416278.25,PAID
EMP0002,2026-01,189600,12078,0,4489.33,0,206167.33,3387.88,29169.23,0,32557.11,173610.22,PAID
EMP0003,2026-01,58700,11203,0,1037.13,0,70940.13,752.56,4515.38,0,5267.94,65672.19,PAID
EMP0004,2026-01,49300,10929,0,634.03,0,60863.03,173.81,0,0,173.81,60689.22,PAID
EMP0005,2026-01,59300,10762,0,2608.63,0,72670.63,304.1,4561.54,0,4865.64,67804.99,PAID
EMP0007,2026-01,60900,9845,0,3813.57,0,74558.57,209.83,0,0,209.83,74348.74,PAID
EMP0008,2026-01,53500,9417,0,1170.31,0,64087.31,548.72,0,0,548.72,63538.59,PAID
EMP0009,2026-01,205600,10222,0,10304.71,17841,243967.71,3838.53,7907.69,0,11746.22,232221.49,PAID
EMP0010,2026-01,95600,11402,6514,1746.54,0,115262.54,1348.21,3676.92,0,5025.13,110237.41,PAID
EMP0011,2026-01,99200,10482,6348,3720,0,119750,1542.05,0,0,1542.05,118207.95,PAID
EMP0012,2026-01,108400,10801,6099,2449.42,0,127749.42,2058.56,8338.46,0,10397.02,117352.4,PAID
EMP0013,2026-01,91000,10444,5575,2417.19,0,109436.19,1436.46,3500,0,4936.46,104499.73,PAID
EMP0014,2026-01,84800,10475,4558,5096.15,0,104929.15,1596.79,9784.62,0,11381.41,93547.74,PAID
EMP0015,2026-01,77100,11873,5210,1529.03,0,95712.03,1235.58,0,0,1235.58,94476.45,PAID
EMP0016,2026-01,76500,10579,4866,1434.38,0,93379.38,766.23,2942.31,0,3708.54,89670.84,PAID
EMP0017,2026-01,61700,11702,5317,1764.98,0,80483.98,721.81,0,0,721.81,79762.17,PAID
EMP0018,2026-01,57200,10444,6405,1656.88,0,75705.88,559.17,2200,0,2759.17,72946.71,PAID
EMP0019,2026-01,56400,9194,5585,1979.42,0,73158.42,108.46,0,7852,7960.46,65197.96,PAID
EMP0020,2026-01,63500,10157,6732,145.01,0,80534.01,0,0,3564,3564,76970.01,PAID
EMP0022,2026-01,56800,12054,4002,512.02,0,73368.02,218.46,0,0,218.46,73149.56,PAID
EMP0023,2026-01,61100,10950,6209,1835.94,0,80094.94,851.88,0,0,851.88,79243.06,PAID
EMP0024,2026-01,57000,10871,5466,1740.14,0,75077.14,100.48,0,0,100.48,74976.66,PAID
EMP0025,2026-01,63600,11828,6572,2239.76,0,84239.76,295.58,4892.31,0,5187.89,79051.87,PAID
EMP0026,2026-01,51900,8607,4287,2576.29,0,67370.29,345.17,1996.15,0,2341.32,65028.97,PAID
EMP0027,2026-01,63500,10394,4315,267.13,0,78476.13,1399.24,4884.62,0,6283.86,72192.27,PAID
EMP0028,2026-01,59200,9634,6594,4034.42,0,79462.42,1527.44,4553.85,0,6081.29,73381.13,PAID
EMP0029,2026-01,63500,11417,5350,969.29,0,81236.29,1032.89,2442.31,0,3475.2,77761.09,PAID
EMP0030,2026-01,59500,8828,5793,1887.98,0,76008.98,429.09,4576.92,4367,9373.01,66635.97,PAID
EMP0031,2026-01,64900,9995,4220,1138.87,0,80253.87,275.62,0,4991,5266.62,74987.25,PAID
EMP0032,2026-01,64500,12560,5619,2930.41,0,85609.41,744.23,7442.31,4472,12658.54,72950.87,PAID
EMP0033,2026-01,57000,9003,5557,383.65,0,71943.65,680.53,6576.92,0,7257.45,64686.2,PAID
EMP0034,2026-01,62600,9956,5870,346.11,0,78772.11,722.31,0,0,722.31,78049.8,PAID
EMP0035,2026-01,58400,11538,6719,744.04,0,77401.04,706.6,2246.15,0,2952.75,74448.29,PAID
EMP0037,2026-01,40000,12230,5117,836.54,0,58183.54,76.92,0,0,76.92,58106.62,PAID
EMP0038,2026-01,43400,11841,5167,709.42,0,61117.42,525.11,1669.23,0,2194.34,58923.08,PAID
EMP0039,2026-01,40900,9071,4963,2226.89,0,57160.89,534.19,0,0,534.19,56626.7,PAID
EMP0040,2026-01,39600,10384,5623,2118.03,0,57725.03,444.23,9138.46,3633,13215.69,44509.34,PAID
EMP0041,2026-01,45900,9891,5654,1655.05,12530,75630.05,662.02,0,0,662.02,74968.03,PAID
EMP0042,2026-01,42300,9362,5343,238.95,0,57243.95,684.66,6507.69,0,7192.35,50051.6,PAID
EMP0043,2026-01,45500,10638,6088,1039.06,0,63265.06,222.4,0,0,222.4,63042.66,PAID
EMP0044,2026-01,41000,10438,5822,547,0,57807,407.37,1576.92,0,1984.29,55822.71,PAID
EMP0045,2026-01,39200,10621,4681,1404.04,0,55906.04,229.29,1507.69,0,1736.98,54169.06,PAID
EMP0046,2026-01,41400,9871,6586,1403.22,0,59260.22,255.43,0,0,255.43,59004.79,PAID
EMP0047,2026-01,29900,9568,4048,682.81,0,44198.81,210.83,2300,7119,9629.83,34568.98,PAID
EMP0049,2026-01,185500,12823,0,2630.89,0,200953.89,1709.33,14269.23,0,15978.56,184975.33,PAID
EMP0050,2026-01,86500,11832,4750,2422.42,0,105504.42,873.32,0,0,873.32,104631.1,PAID
EMP0051,2026-01,94900,10475,4929,1825,0,112129,2220.42,14600,0,16820.42,95308.58,PAID
EMP0052,2026-01,53000,10756,4628,1356.85,0,69740.85,1048.96,4076.92,0,5125.88,64614.97,PAID
EMP0054,2026-01,52200,10988,6663,250.96,0,70101.96,589.76,4015.38,0,4605.14,65496.82,PAID
EMP0055,2026-01,59100,10277,6269,2024.46,0,77670.46,885.55,2273.08,0,3158.63,74511.83,PAID
EMP0057,2026-01,52200,12958,4238,2547.26,0,71943.26,401.54,4015.38,0,4416.92,67526.34,PAID
EMP0059,2026-01,57900,10694,4986,1920.72,0,75500.72,779.42,2226.92,0,3006.34,72494.38,PAID
EMP0061,2026-01,185200,10980,0,4207.07,0,200387.07,3042.15,21369.23,0,24411.38,175975.69,PAID
EMP0062,2026-01,93500,10504,6555,1584.56,0,112143.56,1820.55,14384.62,0,16205.17,95938.39,PAID
EMP0063,2026-01,111100,11113,5582,2497.08,0,130292.08,436.21,8546.15,0,8982.36,121309.72,PAID
EMP0064,2026-01,55300,10799,4712,2060.46,0,72871.46,545.02,2126.92,0,2671.94,70199.52,PAID
EMP0065,2026-01,67000,10697,6588,587.86,0,84872.86,558.33,0,0,558.33,84314.53,PAID
EMP0066,2026-01,53200,10476,4273,0,0,67949,946.35,4092.31,0,5038.66,62910.34,PAID
EMP0067,2026-01,61100,10339,6797,2129.69,0,80365.69,391.67,0,2475,2866.67,77499.02,PAID
EMP0068,2026-01,52900,11040,4640,718.47,0,69298.47,864.71,0,0,864.71,68433.76,PAID
EMP0069,2026-01,65300,10626,5051,753.46,0,81730.46,423.82,0,0,423.82,81306.64,PAID
EMP0070,2026-01,62900,10414,4473,771.13,0,78558.13,393.13,0,0,393.13,78165,PAID
EMP0071,2026-01,189900,12324,0,6094.15,0,208318.15,1628.15,7303.85,0,8932,199386.15,PAID
EMP0072,2026-01,99500,10575,0,2678.85,0,112753.85,669.71,3826.92,0,4496.63,108257.22,PAID
EMP0073,2026-01,92600,9305,0,1958.85,0,103863.85,793.93,14246.15,0,15040.08,88823.77,PAID
EMP0075,2026-01,51100,11295,0,1873.26,0,64268.26,540.48,1965.38,0,2505.86,61762.4,PAID
EMP0076,2026-01,52100,9731,0,876.68,0,62707.68,772.32,2003.85,0,2776.17,59931.51,PAID
EMP0077,2026-01,44100,10746,0,2008.88,0,56854.88,342.76,1696.15,0,2038.91,54815.97,PAID
EMP0078,2026-01,49700,11257,0,1624.81,0,62581.81,258.85,0,0,258.85,62322.96,PAID
EMP0079,2026-01,53500,8858,0,1607.57,0,63965.57,780.21,4115.38,0,4895.59,59069.98,PAID
EMP0080,2026-01,53200,11939,0,1828.75,0,66967.75,298.4,4092.31,6940,11330.71,55637.04,PAID
EMP0082,2026-01,47300,8333,0,1944.3,0,57577.3,363.85,10915.38,0,11279.23,46298.07,PAID
EMP0083,2026-01,191100,10085,0,1699.69,0,202884.69,1485.31,0,0,1485.31,201399.38,PAID
EMP0084,2026-01,150200,9795,0,3375.89,0,163370.89,1937.68,17330.77,0,19268.45,144102.44,PAID
EMP0085,2026-01,72800,10369,0,1872.5,0,85041.5,554.17,2800,2861,6215.17,78826.33,PAID
EMP0086,2026-01,77700,9397,0,3147.22,0,90244.22,529.21,0,0,529.21,89715.01,PAID
EMP0087,2026-01,66000,9141,0,3339.66,0,78480.66,893.75,5076.92,0,5970.67,72509.99,PAID
EMP0088,2026-01,72800,11600,0,1688.75,0,86088.75,1423.33,2800,0,4223.33,81865.42,PAID
EMP0089,2026-01,76400,11469,0,1781.44,0,89650.44,752.98,0,0,752.98,88897.46,PAID
EMP0091,2026-01,234900,11130,0,4602.01,0,250632.01,734.06,18069.23,0,18803.29,231828.72,PAID
EMP0092,2026-01,149500,9285,0,7636.72,0,166421.72,83.85,0,0,83.85,166337.87,PAID
EMP0093,2026-01,71400,10500,0,1630.53,0,83530.53,657.93,2746.15,0,3404.08,80126.45,PAID
EMP0094,2026-01,68500,9316,0,1638.4,0,79454.4,461.06,5269.23,0,5730.29,73724.11,PAID
EMP0095,2026-01,74400,11514,0,2673.75,0,88587.75,65.58,0,0,65.58,88522.17,PAID
EMP0096,2026-01,74400,11000,0,1403.94,0,86803.94,554.42,8584.62,0,9139.04,77664.9,PAID
EMP0097,2026-01,80000,9636,0,2644.23,0,92280.23,1057.69,6153.85,0,7211.54,85068.69,PAID
EMP0098,2026-01,80000,10351,0,3865.38,14810,109026.38,108.97,0,2448,2556.97,106469.41,PAID
EMP0100,2026-01,79700,9523,0,1695.54,12756,103674.54,664.17,0,0,664.17,103010.37,PAID
EMP0001,2026-02,423400,11115,0,10737.67,0,445252.67,4105.08,16284.62,0,20389.7,424862.97,PAID
EMP0002,2026-02,189600,9670,0,3965.19,0,203235.19,4481.73,7292.31,0,11774.04,191461.15,PAID
EMP0003,2026-02,58700,10352,0,2158.92,0,71210.92,178.73,6773.08,4477,11428.81,59782.11,PAID
EMP0004,2026-02,49300,9730,0,1475.44,9077,69582.44,165.91,0,0,165.91,69416.53,PAID
EMP0005,2026-02,59300,10903,0,997.84,0,71200.84,432.4,6842.31,0,7274.71,63926.13,PAID
EMP0007,2026-02,60900,8978,0,1522.5,0,71400.5,341.59,0,0,341.59,71058.91,PAID
EMP0008,2026-02,53500,10880,0,1125.3,0,65505.3,758.77,4115.38,0,4874.15,60631.15,PAID
EMP0009,2026-02,205600,10103,0,1556.83,0,217259.83,1746.28,23723.08,0,25469.36,191790.47,PAID
EMP0010,2026-02,95600,9733,5821,3975.67,0,115129.67,988.17,0,0,988.17,114141.5,PAID
EMP0011,2026-02,99200,10780,5413,894.23,0,116287.23,1104.87,3815.38,0,4920.25,111366.98,PAID
EMP0012,2026-02,108400,10024,5061,1732.84,0,125217.84,972.82,4169.23,0,5142.05,120075.79,PAID
EMP0013,2026-02,91000,10627,6932,1585.94,0,110144.94,1312.5,0,0,1312.5,108832.44,PAID
EMP0014,2026-02,84800,9013,5171,1110.96,0,100094.96,1270.64,6523.08,0,7793.72,92301.24,PAID
EMP0015,2026-02,77100,10249,5254,1519.76,0,94122.76,1013.17,5930.77,0,6943.94,87178.82,PAID
EMP0016,2026-02,76500,9921,5605,0,0,92026,1029.81,2942.31,4527,8499.12,83526.88,PAID
EMP0017,2026-02,61700,10510,4859,2580.72,0,79649.72,440.01,0,0,440.01,79209.71,PAID
EMP0018,2026-02,57200,12164,4830,522.5,0,74716.5,540.83,2200,0,2740.83,71975.67,PAID
EMP0019,2026-02,56400,9782,5602,2277.69,0,74061.69,76.83,0,0,76.83,73984.86,PAID
EMP0020,2026-02,63500,11300,5427,1984.38,5688,87899.38,76.32,0,0,76.32,87823.06,PAID
EMP0021,2026-02,60100,9176,4336,1321.91,0,74933.91,640.49,6934.62,0,7575.11,67358.8,PAID
EMP0022,2026-02,56800,11087,5048,1863.75,0,74798.75,223.01,0,0,223.01,74575.74,PAID
EMP0023,2026-02,61100,11951,5202,2173.75,0,80426.75,846.98,2350,0,3196.98,77229.77,PAID
EMP0024,2026-02,57000,10252,5294,1397.6,0,73943.6,0,0,0,0,73943.6,PAID
EMP0025,2026-02,63600,8465,4698,871.44,0,77634.44,606.44,4892.31,0,5498.75,72135.69,PAID
EMP0026,2026-02,51900,11722,5054,1752.87,0,70428.87,582.21,1996.15,0,2578.36,67850.51,PAID
EMP0027,2026-02,63500,9857,4989,2717.07,0,81063.07,651.28,4884.62,0,5535.9,75527.17,PAID
EMP0028,2026-02,59200,9967,5461,704.42,0,75332.42,687.82,4553.85,0,5241.67,70090.75,PAID
EMP0029,2026-02,63500,9608,6357,747.96,0,80212.96,590.22,2442.31,0,3032.53,77180.43,PAID
EMP0030,2026-02,59500,11366,5421,2317.07,12805,91409.07,395.71,2288.46,0,2684.17,88724.9,PAID
EMP0031,2026-02,64900,11235,4500,1817.51,0,82452.51,156.01,0,0,156.01,82296.5,PAID
EMP0032,2026-02,64500,11586,6199,2193.93,0,84478.93,837.26,2480.77,0,3318.03,81160.9,PAID
EMP0033,2026-02,57000,12254,4119,3103.49,0,76476.49,799.28,8769.23,0,9568.51,66907.98,PAID
EMP0034,2026-02,62600,9801,5256,1723,0,79380,255.82,0,0,255.82,79124.18,PAID
EMP0035,2026-02,58400,11235,5997,1340.67,0,76972.67,341.6,2246.15,0,2587.75,74384.92,PAID
EMP0037,2026-02,40000,11159,5211,1610.58,10526,68506.58,304.49,0,5233,5537.49,62969.09,PAID
EMP0038,2026-02,43400,9761,5458,1783.99,0,60402.99,201.7,5007.69,0,5209.39,55193.6,PAID
EMP0039,2026-02,40900,11286,5070,1361.69,0,58617.69,304.78,3146.15,0,3450.93,55166.76,PAID
EMP0040,2026-02,39600,10833,6295,985.24,0,57713.24,691.73,3046.15,0,3737.88,53975.36,PAID
EMP0041,2026-02,45900,8826,5399,1141.98,0,61266.98,489.16,1765.38,0,2254.54,59012.44,PAID
EMP0042,2026-02,42300,9474,6537,1016.83,0,59327.83,643.99,6507.69,0,7151.68,52176.15,PAID
EMP0043,2026-02,45500,10435,5398,771.09,0,62104.09,164.06,0,0,164.06,61940.03,PAID
EMP0044,2026-02,41000,9913,4432,655.41,0,56000.41,502.64,4730.77,0,5233.41,50767,PAID
EMP0045,2026-02,39200,10901,6132,2124.9,0,58357.9,640.77,0,0,640.77,57717.13,PAID
EMP0046,2026-02,41400,9431,4378,1642.07,0,56851.07,59.71,0,0,59.71,56791.36,PAID
EMP0047,2026-02,29900,10764,5824,772.66,0,47260.66,481.56,1150,0,1631.56,45629.1,PAID
EMP0049,2026-02,185500,11298,0,8115.63,6601,211514.63,1501.24,21403.85,0,22905.09,188609.54,PAID
EMP0050,2026-02,86500,10787,4016,1226.8,0,102529.8,1060.46,9980.77,0,11041.23,91488.57,PAID
EMP0051,2026-02,94900,11330,5870,1060.78,0,113160.78,1034.17,7300,0,8334.17,104826.61,PAID
EMP0052,2026-02,53000,8824,4000,732.57,0,66556.57,913.06,2038.46,0,2951.52,63605.05,PAID
EMP0054,2026-02,52200,12113,6108,552.12,0,70973.12,861.63,0,4246,5107.63,65865.49,PAID
EMP0055,2026-02,59100,10260,5276,937.64,0,75573.64,312.55,4546.15,0,4858.7,70714.94,PAID
EMP0057,2026-02,52200,8778,4037,1311.27,0,66326.27,807.26,0,0,807.26,65519.01,PAID
EMP0059,2026-02,57900,9706,6805,257.49,0,74668.49,134.54,2226.92,6966,9327.46,65341.03,PAID
EMP0060,2026-02,55100,11003,5583,403.98,0,72089.98,322.3,2119.23,5973,8414.53,63675.45,PAID
EMP0061,2026-02,185200,10034,0,6277.21,0,201511.21,4496.44,14246.15,0,18742.59,182768.62,PAID
EMP0062,2026-02,93500,8965,4054,0,0,106519,1108.81,17980.77,0,19089.58,87429.42,PAID
EMP0063,2026-02,111100,11207,6526,2857.62,0,131690.62,1682.52,0,0,1682.52,130008.1,PAID
EMP0064,2026-02,55300,9726,6872,737.78,0,72635.78,394.37,4253.85,0,4648.22,67987.56,PAID
EMP0065,2026-02,67000,11704,5350,3430.53,0,87484.53,654.97,5153.85,0,5808.82,81675.71,PAID
EMP0066,2026-02,53200,11366,5414,876.01,0,70856.01,588.27,12276.92,0,12865.19,57990.82,PAID
EMP0067,2026-02,61100,11814,5074,800.47,6964,85752.47,283.96,0,0,283.96,85468.51,PAID
EMP0068,2026-02,52900,9584,5273,705.76,0,68462.76,991.88,2034.62,0,3026.5,65436.26,PAID
EMP0069,2026-02,65300,9666,4205,1232.22,0,80403.22,1046.47,5023.08,0,6069.55,74333.67,PAID
EMP0070,2026-02,62900,12618,4504,1262.54,0,81284.54,1436.42,4838.46,0,6274.88,75009.66,PAID
EMP0071,2026-02,189900,10189,0,2145.5,0,202234.5,1415.12,7303.85,0,8718.97,193515.53,PAID
EMP0072,2026-02,99500,8441,0,2762.56,17423,128126.56,1554.69,0,0,1554.69,126571.87,PAID
EMP0073,2026-02,92600,12055,0,879.25,0,105534.25,934.9,3561.54,0,4496.44,101037.81,PAID
EMP0075,2026-02,51100,10299,0,1197.66,0,62596.66,294.81,5896.15,0,6190.96,56405.7,PAID
EMP0076,2026-02,52100,12087,0,0,0,64187,693,2003.85,0,2696.85,61490.15,PAID
EMP0077,2026-02,44100,9889,0,2035.38,0,56024.38,869.28,1696.15,0,2565.43,53458.95,PAID
EMP0078,2026-02,49700,10042,0,1481.44,11084,72307.44,270.8,0,0,270.8,72036.64,PAID
EMP0079,2026-02,53500,9983,0,1749.04,0,65232.04,840.22,2057.69,0,2897.91,62334.13,PAID
EMP0080,2026-02,53200,9703,0,952.74,0,63855.74,682.05,2046.15,5298,8026.2,55829.54,PAID
EMP0082,2026-02,47300,11604,0,1432.64,0,60336.64,545.77,3638.46,0,4184.23,56152.41,PAID
EMP0083,2026-02,191100,9996,0,8314.69,0,209410.69,842.19,0,0,842.19,208568.5,PAID
EMP0084,2026-02,150200,10554,0,2346.88,0,163100.88,1961.75,17330.77,0,19292.52,143808.36,PAID
EMP0085,2026-02,72800,12550,0,0,0,85350,449.17,0,0,449.17,84900.83,PAID
EMP0086,2026-02,77700,10079,0,2969.78,0,90748.78,199.23,0,5833,6032.23,84716.55,PAID
EMP0087,2026-02,66000,11201,0,801.2,0,78002.2,518.27,0,0,518.27,77483.93,PAID
EMP0088,2026-02,72800,9194,0,175,0,82169,711.67,2800,0,3511.67,78657.33,PAID
EMP0089,2026-02,76400,11000,0,1505.96,0,88905.96,697.88,5876.92,0,6574.8,82331.16,PAID
EMP0091,2026-02,234900,9328,0,5674.87,19535,269437.87,1562.24,27103.85,0,28666.09,240771.78,PAID
EMP0092,2026-02,149500,9567,0,6828.13,0,165895.13,191.67,0,0,191.67,165703.46,PAID
EMP0093,2026-02,71400,11288,0,2299.9,0,84987.9,589.28,2746.15,0,3335.43,81652.47,PAID
EMP0094,2026-02,68500,8778,0,0,0,77278,477.52,2634.62,6939,10051.14,67226.86,PAID
EMP0095,2026-02,74400,10084,0,1833.17,0,86317.17,178.85,0,0,178.85,86138.32,PAID
EMP0096,2026-02,74400,11255,0,1502.31,0,87157.31,888.27,22892.31,0,23780.58,63376.73,PAID
EMP0097,2026-02,80000,8897,0,2471.15,0,91368.15,1589.74,3076.92,0,4666.66,86701.49,PAID
EMP0098,2026-02,80000,10390,0,3346.15,0,93736.15,352.56,0,0,352.56,93383.59,PAID
EMP0100,2026-02,79700,9099,0,0,0,88799,779.12,3065.38,0,3844.5,84954.5,PAID
EMP0001,2026-03,423400,12086,0,22340.46,0,457826.46,4206.86,16284.62,0,20491.48,437334.98,PAID
EMP0002,2026-03,189600,10627,0,2301.63,0,202528.63,3555,36461.54,0,40016.54,162512.09,PAID
EMP0003,2026-03,58700,12110,0,1199.4,0,72009.4,1095.92,9030.77,0,10126.69,61882.71,PAID
EMP0004,2026-03,49300,12667,0,1736.17,0,63703.17,102.71,0,0,102.71,63600.46,PAID
EMP0005,2026-03,59300,9383,0,2152.48,13424,84259.48,389.63,4561.54,0,4951.17,79308.31,PAID
EMP0007,2026-03,60900,10617,0,2759.53,0,74276.53,346.47,0,0,346.47,73930.06,PAID
EMP0008,2026-03,53500,10682,0,2983.65,0,67165.65,527.28,0,0,527.28,66638.37,PAID
EMP0009,2026-03,205600,10467,0,0,0,216067,3624.36,0,0,3624.36,212442.64,PAID
EMP0010,2026-03,95600,9721,5461,907.74,0,111689.74,789.01,11030.77,0,11819.78,99869.96,PAID
EMP0011,2026-03,99200,9239,5583,4387.69,0,118409.69,1152.56,7630.77,0,8783.33,109626.36,PAID
EMP0012,2026-03,108400,9870,4209,3100.87,0,125579.87,1563.46,12507.69,0,14071.15,111508.72,PAID
EMP0013,2026-03,91000,10002,5426,5085.94,0,111513.94,1013.54,0,0,1013.54,110500.4,PAID
EMP0014,2026-03,84800,9393,6900,550.38,0,101643.38,468.85,16307.69,0,16776.54,84866.84,PAID
EMP0015,2026-03,77100,9935,5380,2548.38,0,94963.38,710.46,0,0,710.46,94252.92,PAID
EMP0016,2026-03,76500,11081,5180,2638.88,0,95399.88,1483.41,5884.62,0,7368.03,88031.85,PAID
EMP0017,2026-03,61700,11199,6137,3796.92,0,82832.92,993.73,7119.23,6419,14531.96,68300.96,PAID
EMP0018,2026-03,57200,12656,5728,2695,7921,86200,421.67,8800,0,9221.67,76978.33,PAID
EMP0019,2026-03,56400,10964,6724,2053.99,0,76141.99,235,0,4863,5098,71043.99,PAID
EMP0020,2026-03,63500,9315,5145,2732.33,0,80692.33,203.53,0,0,203.53,80488.8,PAID
EMP0021,2026-03,60100,10951,5220,1141.32,0,77412.32,1083.53,6934.62,0,8018.15,69394.17,PAID
EMP0022,2026-03,56800,10565,6576,996.73,0,74937.73,81.92,0,0,81.92,74855.81,PAID
EMP0023,2026-03,61100,11863,6558,734.38,14212,94467.38,563.02,4700,0,5263.02,89204.36,PAID
EMP0024,2026-03,57000,9608,6727,1342.79,0,74677.79,187.26,0,0,187.26,74490.53,PAID
EMP0025,2026-03,63600,12807,4336,1406.54,0,82149.54,978.46,0,0,978.46,81171.08,PAID
EMP0026,2026-03,51900,10141,5774,2158.34,5423,75396.34,1102.04,1996.15,0,3098.19,72298.15,PAID
EMP0027,2026-03,63500,10739,4841,2442.31,0,81522.31,966.75,2442.31,0,3409.06,78113.25,PAID
EMP0028,2026-03,59200,11496,4306,2383.65,0,77385.65,635.64,0,0,635.64,76750.01,PAID
EMP0029,2026-03,63500,10474,6261,580.05,0,80815.05,1022.72,2442.31,0,3465.03,77350.02,PAID
EMP0030,2026-03,59500,11225,4158,2631.73,0,77514.73,209.78,2288.46,0,2498.24,75016.49,PAID
EMP0031,2026-03,64900,9675,6427,1185.67,0,82187.67,312.02,0,0,312.02,81875.65,PAID
EMP0032,2026-03,64500,10395,4330,1302.4,0,80527.4,413.46,0,0,413.46,80113.94,PAID
EMP0033,2026-03,57000,12315,6422,2712.98,0,78449.98,1109.86,8769.23,0,9879.09,68570.89,PAID
EMP0034,2026-03,62600,9339,6027,1128.61,0,79094.61,807.58,7223.08,0,8030.66,71063.95,PAID
EMP0035,2026-03,58400,10025,5041,1431.92,0,74897.92,748.72,2246.15,0,2994.87,71903.05,PAID
EMP0036,2026-03,53600,10174,5563,0,0,69337,231.92,2061.54,3343,5636.46,63700.54,PAID
EMP0037,2026-03,40000,11868,5105,110.58,0,57083.58,0,0,0,0,57083.58,PAID
EMP0038,2026-03,43400,9803,6298,1298.87,0,60799.87,778.97,0,0,778.97,60020.9,PAID
EMP0039,2026-03,40900,10698,5073,1464.93,0,58135.93,583.35,3146.15,0,3729.5,54406.43,PAID
EMP0040,2026-03,39600,10334,4632,585.43,0,55151.43,958.27,4569.23,0,5527.5,49623.93,PAID
EMP0041,2026-03,45900,12542,5652,2664.63,0,66758.63,305.26,0,0,305.26,66453.37,PAID
EMP0042,2026-03,42300,9401,6666,833.8,6936,66136.8,606.71,4880.77,0,5487.48,60649.32,PAID
EMP0043,2026-03,45500,8464,4560,1979.69,0,60503.69,61.98,0,0,61.98,60441.71,PAID
EMP0044,2026-03,41000,9767,4064,236.54,0,55067.54,693.19,4730.77,2779,8202.96,46864.58,PAID
EMP0045,2026-03,39200,11870,5594,2294.52,0,58958.52,175.9,0,0,175.9,58782.62,PAID
EMP0046,2026-03,41400,9652,6881,1806.27,8143,67882.27,119.42,0,3562,3681.42,64200.85,PAID
EMP0047,2026-03,29900,11521,4961,776.25,0,47158.25,654.06,1150,5528,7332.06,39826.19,PAID
EMP0049,2026-03,185500,10006,0,5239.48,0,200745.48,2928.17,14269.23,0,17197.4,183548.08,PAID
EMP0050,2026-03,86500,11594,4587,1673.86,0,104354.86,824.8,9980.77,6993,17798.57,86556.29,PAID
EMP0051,2026-03,94900,10386,6966,3330.63,0,115582.63,1421.98,14600,0,16021.98,99560.65,PAID
EMP0052,2026-03,53000,12041,4193,1165.75,0,70399.75,547.84,2038.46,0,2586.3,67813.45,PAID
EMP0054,2026-03,52200,10138,6025,1097.96,0,69460.96,1095.87,4015.38,4853,9964.25,59496.71,PAID
EMP0055,2026-03,59100,11645,5244,561.17,0,76550.17,340.96,2273.08,0,2614.04,73936.13,PAID
EMP0057,2026-03,52200,12208,4946,1643.8,0,70997.8,681.78,4015.38,0,4697.16,66300.64,PAID
EMP0059,2026-03,57900,9404,4538,1308.32,0,73150.32,988.2,4453.85,0,5442.05,67708.27,PAID
EMP0060,2026-03,55100,8895,4944,589.41,0,69528.41,105.96,6357.69,2188,8651.65,60876.76,PAID
EMP0061,2026-03,185200,9976,0,645.53,0,195821.53,4066.09,49861.54,0,53927.63,141893.9,PAID
EMP0062,2026-03,93500,10277,4326,809.13,0,108912.13,2232.61,10788.46,0,13021.07,95891.06,PAID
EMP0063,2026-03,111100,9185,5101,4126.19,0,129512.19,1994.1,8546.15,0,10540.25,118971.94,PAID
EMP0064,2026-03,55300,10124,4361,903.94,0,70688.94,651.37,6380.77,0,7032.14,63656.8,PAID
EMP0065,2026-03,67000,11335,6461,1393.15,0,86189.15,1052.24,0,0,1052.24,85136.91,PAID
EMP0066,2026-03,53200,10931,6753,1713.65,0,72597.65,780.1,4092.31,0,4872.41,67725.24,PAID
EMP0067,2026-03,61100,9623,4433,1828.59,0,76984.59,137.08,0,0,137.08,76847.51,PAID
EMP0068,2026-03,52900,11239,4941,1284.35,0,70364.35,796.89,2034.62,0,2831.51,67532.84,PAID
EMP0069,2026-03,65300,9169,6367,1632.5,0,82468.5,711.6,10046.15,0,10757.75,71710.75,PAID
EMP0070,2026-03,62900,10765,5478,982.81,0,80125.81,599.77,4838.46,0,5438.23,74687.58,PAID
EMP0071,2026-03,189900,12238,0,4701.85,0,206839.85,2343.32,29215.38,0,31558.7,175281.15,PAID
EMP0072,2026-03,99500,11315,0,4185.7,0,115000.7,892.95,7653.85,4667,13213.8,101786.9,PAID
EMP0073,2026-03,92600,9906,0,4218.2,0,106724.2,734.57,7123.08,3616,11473.65,95250.55,PAID
EMP0075,2026-03,51100,10569,0,1295.93,0,62964.93,777.96,3930.77,0,4708.73,58256.2,PAID
EMP0076,2026-03,52100,10517,0,1014.45,0,63631.45,576.11,6011.54,0,6587.65,57043.8,PAID
EMP0077,2026-03,44100,10641,0,1913.47,0,56654.47,388.7,1696.15,0,2084.85,54569.62,PAID
EMP0078,2026-03,49700,12004,0,2909.12,0,64613.12,203.1,0,0,203.1,64410.02,PAID
EMP0079,2026-03,53500,10793,0,237.92,0,64530.92,818.79,12346.15,7796,20960.94,43569.98,PAID
EMP0080,2026-03,53200,10954,0,1310.82,0,65464.82,1142.44,4092.31,0,5234.75,60230.07,PAID
EMP0082,2026-03,47300,10839,0,1068.8,0,59207.8,841.39,5457.69,0,6299.08,52908.72,PAID
EMP0083,2026-03,191100,9654,0,2572.5,0,203326.5,490,7350,0,7840,195486.5,PAID
EMP0084,2026-03,150200,9025,0,2310.77,0,161535.77,1396.09,11553.85,2275,15224.94,146310.83,PAID
EMP0085,2026-03,72800,9181,0,892.5,0,82873.5,1481.67,2800,0,4281.67,78591.83,PAID
EMP0086,2026-03,77700,9785,0,607.03,0,88092.03,205.46,0,0,205.46,87886.57,PAID
EMP0087,2026-03,66000,10927,0,1213.7,0,78140.7,877.88,5076.92,0,5954.8,72185.9,PAID
EMP0088,2026-03,72800,10183,0,3316.25,0,86299.25,775.83,2800,4624,8199.83,78099.42,PAID
EMP0089,2026-03,76400,10055,0,1193.75,0,87648.75,1065.19,2938.46,0,4003.65,83645.1,PAID
EMP0091,2026-03,234900,11010,0,9316.95,0,255226.95,2428.05,9034.62,0,11462.67,243764.28,PAID
EMP0092,2026-03,149500,10576,0,4923.44,0,164999.44,143.75,0,0,143.75,164855.69,PAID
EMP0093,2026-03,71400,9293,0,2969.28,0,83662.28,457.69,2746.15,0,3203.84,80458.44,PAID
EMP0094,2026-03,68500,9272,0,1160.88,0,78932.88,395.19,5269.23,2264,7928.42,71004.46,PAID
EMP0095,2026-03,74400,10344,0,4480.1,0,89224.1,315.96,0,0,315.96,88908.14,PAID
EMP0096,2026-03,74400,11284,0,4962.98,0,90646.98,1383.08,11446.15,0,12829.23,77817.75,PAID
EMP0097,2026-03,80000,10457,0,3288.46,0,93745.46,1102.56,0,0,1102.56,92642.9,PAID
EMP0098,2026-03,80000,9324,0,6548.08,0,95872.08,269.23,3076.92,0,3346.15,92525.93,PAID
EMP0100,2026-03,79700,10932,0,1532.69,0,92164.69,1545.46,12261.54,4524,18331,73833.69,PAID
EMP0001,2026-04,423400,9845,0,10025.22,6439,449709.22,1832.02,0,4821,6653.02,443056.2,PAID
EMP0002,2026-04,189600,11261,0,4261.44,0,205122.44,2506.73,51046.15,0,53552.88,151569.56,PAID
EMP0003,2026-04,58700,11307,0,1037.13,0,71044.13,827.82,9030.77,6728,16586.59,54457.54,PAID
EMP0004,2026-04,49300,11306,0,2648.69,0,63254.69,438.49,1896.15,0,2334.64,60920.05,PAID
EMP0005,2026-04,59300,10886,0,2344.92,0,72530.92,513.17,2280.77,3117,5910.94,66619.98,PAID
EMP0006,2026-04,51700,12005,0,2305.37,0,66010.37,62.14,1988.46,0,2050.6,63959.77,PAID
EMP0007,2026-04,60900,11101,0,2203.23,0,74204.23,292.79,0,2230,2522.79,71681.44,PAID
EMP0008,2026-04,53500,11715,0,1286.06,0,66501.06,1003.13,0,0,1003.13,65497.93,PAID
EMP0009,2026-04,205600,8724,0,7858.27,0,222182.27,2306.41,31630.77,2016,35953.18,186229.09,PAID
EMP0010,2026-04,95600,11066,6406,5526.88,0,118598.88,1271.6,0,0,1271.6,117327.28,PAID
EMP0011,2026-04,99200,12559,4915,2730.38,0,119404.38,1247.95,3815.38,0,5063.33,114341.05,PAID
EMP0012,2026-04,108400,8710,6483,1055.34,0,124648.34,998.88,0,0,998.88,123649.46,PAID
EMP0013,2026-04,91000,9480,6129,4462.5,0,111071.5,802.08,3500,0,4302.08,106769.42,PAID
EMP0014,2026-04,84800,10735,6852,2334.04,0,104721.04,1821.03,26092.31,0,27913.34,76807.7,PAID
EMP0015,2026-04,77100,11538,6506,2168.44,0,97312.44,741.35,0,0,741.35,96571.09,PAID
EMP0016,2026-04,76500,10542,6836,1609.07,0,95487.07,612.98,5884.62,0,6497.6,88989.47,PAID
EMP0017,2026-04,61700,11286,6907,1053.05,0,80946.05,1003.61,2373.08,0,3376.69,77569.36,PAID
EMP0018,2026-04,57200,11568,5280,3774.38,0,77822.38,1109.17,4400,0,5509.17,72313.21,PAID
EMP0019,2026-04,56400,9720,5402,1281.2,0,72803.2,248.56,0,0,248.56,72554.64,PAID
EMP0020,2026-04,63500,8078,5475,1182.99,19529,97764.99,96.67,0,0,96.67,97668.32,PAID
EMP0021,2026-04,60100,11521,4901,1372.48,0,77894.48,914.98,4623.08,6546,12084.06,65810.42,PAID
EMP0022,2026-04,56800,10377,4798,2184.62,0,74159.62,223.01,0,0,223.01,73936.61,PAID
EMP0023,2026-04,61100,10850,6415,1747.81,0,80112.81,861.67,2350,0,3211.67,76901.14,PAID
EMP0024,2026-04,57000,8656,4513,1130.41,0,71299.41,0,2192.31,0,2192.31,69107.1,PAID
EMP0025,2026-04,63600,9802,4326,2858.94,0,80586.94,631.92,2446.15,0,3078.07,77508.87,PAID
EMP0026,2026-04,51900,11756,6908,2220.72,0,72784.72,798.46,1996.15,0,2794.61,69990.11,PAID
EMP0027,2026-04,63500,12494,6483,1480.65,0,83957.65,625.84,0,0,625.84,83331.81,PAID
EMP0028,2026-04,59200,11162,6974,1166.92,0,78502.92,635.64,2276.92,4770,7682.56,70820.36,PAID
EMP0029,2026-04,63500,10920,5580,1755.41,0,81755.41,763.22,0,0,763.22,80992.19,PAID
EMP0030,2026-04,59500,12037,5079,1995.25,0,78611.25,176.4,6865.38,5426,12467.78,66143.47,PAID
EMP0031,2026-04,64900,10674,5226,1263.68,0,82063.68,161.21,0,0,161.21,81902.47,PAID
EMP0032,2026-04,64500,9274,5687,1333.41,0,80794.41,480.65,2480.77,0,2961.42,77832.99,PAID
EMP0033,2026-04,57000,8850,6084,308.29,0,72242.29,831.25,6576.92,0,7408.17,64834.12,PAID
EMP0034,2026-04,62600,10330,5466,1662.81,0,80058.81,561.79,4815.38,0,5377.17,74681.64,PAID
EMP0035,2026-04,58400,11978,5157,3095.48,0,78630.48,935.9,4492.31,0,5428.21,73202.27,PAID
EMP0036,2026-04,53600,10711,4303,0,0,68614,1030.77,8246.15,0,9276.92,59337.08,PAID
EMP0037,2026-04,40000,11408,5902,1870.19,0,59180.19,137.82,0,0,137.82,59042.37,PAID
EMP0038,2026-04,43400,10295,6220,281.68,0,60196.68,514.68,3338.46,3521,7374.14,52822.54,PAID
EMP0039,2026-04,40900,9914,6258,1602.57,0,58674.57,455.54,3146.15,0,3601.69,55072.88,PAID
EMP0040,2026-04,39600,12823,5213,1327.93,0,58963.93,1285.1,3046.15,0,4331.25,54632.68,PAID
EMP0041,2026-04,45900,9432,5262,1599.88,0,62193.88,334.69,3530.77,0,3865.46,58328.42,PAID
EMP0042,2026-04,42300,10685,5814,1448.98,0,60247.98,996.49,4880.77,0,5877.26,54370.72,PAID
EMP0043,2026-04,45500,11428,4599,1192.19,0,62719.19,65.63,0,0,65.63,62653.56,PAID
EMP0044,2026-04,41000,10698,4914,1222.12,0,57834.12,295.67,4730.77,0,5026.44,52807.68,PAID
EMP0045,2026-04,39200,11459,4254,1045.96,0,55958.96,446.03,0,0,446.03,55512.93,PAID
EMP0046,2026-04,41400,10732,5152,1671.92,0,58955.92,36.49,0,0,36.49,58919.43,PAID
EMP0047,2026-04,29900,9426,4422,1645.94,0,45393.94,539.06,1150,5240,6929.06,38464.88,PAID
EMP0049,2026-04,185500,9468,0,2318.75,6560,203846.75,2437.66,7134.62,0,9572.28,194274.47,PAID
EMP0050,2026-04,86500,8880,6845,2661.54,0,104886.54,1067.39,3326.92,0,4394.31,100492.23,PAID
EMP0051,2026-04,94900,11815,6339,1277.5,0,114331.5,1163.44,14600,0,15763.44,98568.06,PAID
EMP0052,2026-04,53000,9727,5974,1133.89,14204,84038.89,318.51,6115.38,0,6433.89,77605,PAID
EMP0054,2026-04,52200,8901,5055,552.12,0,66708.12,501.92,6023.08,0,6525,60183.12,PAID
EMP0055,2026-04,59100,10194,5140,724.54,0,75158.54,288.87,4546.15,0,4835.02,70323.52,PAID
EMP0057,2026-04,52200,11906,6784,2697.84,0,73587.84,652.5,2007.69,0,2660.19,70927.65,PAID
EMP0059,2026-04,57900,11620,6480,1482.3,14123,91605.3,482.5,6680.77,0,7163.27,84442.03,PAID
EMP0060,2026-04,55100,8309,6257,1894.06,0,71560.06,260.49,4238.46,0,4498.95,67061.11,PAID
EMP0061,2026-04,185200,10721,0,4318.37,0,200239.37,3873.17,28492.31,0,32365.48,167873.89,PAID
EMP0062,2026-04,93500,9596,5797,2281.31,0,111174.31,1573.32,17980.77,0,19554.09,91620.22,PAID
EMP0063,2026-04,111100,11290,5349,2537.14,0,130276.14,872.42,4273.08,0,5145.5,125130.64,PAID
EMP0064,2026-04,55300,10070,4002,1542.02,0,70914.02,686.82,2126.92,0,2813.74,68100.28,PAID
EMP0065,2026-04,67000,9210,5705,2142.07,0,84057.07,429.49,5153.85,0,5583.34,78473.73,PAID
EMP0066,2026-04,53200,11358,5563,1336.39,0,71457.39,1257.53,2046.15,0,3303.68,68153.71,PAID
EMP0067,2026-04,61100,10223,4014,1968.13,0,77305.13,367.19,2350,0,2717.19,74587.94,PAID
EMP0068,2026-04,52900,8411,4699,3840.34,7577,77427.34,974.92,4069.23,0,5044.15,72383.19,PAID
EMP0069,2026-04,65300,10214,5349,3649.58,0,84512.58,685.44,7534.62,0,8220.06,76292.52,PAID
EMP0070,2026-04,62900,10934,5652,2313.39,15037,96836.39,236.88,4838.46,3737,8812.34,88024.05,PAID
EMP0071,2026-04,189900,8759,0,7281.02,0,205940.02,2160.72,14607.69,0,16768.41,189171.61,PAID
EMP0072,2026-04,99500,11570,0,1829.75,0,112899.75,797.28,7653.85,2677,11128.13,101771.62,PAID
EMP0073,2026-04,92600,10524,0,2793.58,0,105917.58,1291.06,0,0,1291.06,104626.52,PAID
EMP0075,2026-04,51100,9644,0,1216.08,0,61960.08,851.67,5896.15,0,6747.82,55212.26,PAID
EMP0076,2026-04,52100,10192,0,156.55,0,62448.55,726.39,2003.85,0,2730.24,59718.31,PAID
EMP0077,2026-04,44100,11544,0,545.95,0,56189.95,275.63,0,0,275.63,55914.32,PAID
EMP0078,2026-04,49700,9759,0,2305.79,0,61764.79,51.77,0,0,51.77,61713.02,PAID
EMP0079,2026-04,53500,10203,0,360.1,0,64063.1,655.89,8230.77,3014,11900.66,52162.44,PAID
EMP0080,2026-04,53200,10703,0,1899.09,0,65802.09,758.78,6138.46,0,6897.24,58904.85,PAID
EMP0082,2026-04,47300,10062,0,858.45,0,58220.45,1121.86,5457.69,0,6579.55,51640.9,PAID
EMP0083,2026-04,191100,11312,0,7235.16,0,209647.16,0,0,0,0,209647.16,PAID
EMP0084,2026-04,150200,11481,0,6047.72,0,167728.72,1311.84,11553.85,0,12865.69,154863.03,PAID
EMP0085,2026-04,72800,10869,0,2940,0,86609,1540,0,0,1540,85069,PAID
EMP0086,2026-04,77700,9904,0,3044.5,10738,101386.5,479.4,0,0,479.4,100907.1,PAID
EMP0087,2026-04,66000,9813,0,0,0,75813,592.31,2538.46,0,3130.77,72682.23,PAID
EMP0088,2026-04,72800,11958,0,2012.5,0,86770.5,1236.67,0,0,1236.67,85533.83,PAID
EMP0089,2026-04,76400,10751,0,2323.22,0,89474.22,1714.1,2938.46,0,4652.56,84821.66,PAID
EMP0090,2026-04,78200,12139,0,2688.13,7134,100161.13,589.01,9023.08,2455,12067.09,88094.04,PAID
EMP0091,2026-04,234900,10094,0,14653.02,0,259647.02,1769.28,9034.62,4892,15695.9,243951.12,PAID
EMP0092,2026-04,149500,10933,0,8014.06,0,168447.06,598.96,0,0,598.96,167848.1,PAID
EMP0093,2026-04,71400,8255,0,2351.39,0,82006.39,858.17,0,0,858.17,81148.22,PAID
EMP0094,2026-04,68500,9027,0,1391.41,0,78918.41,702.56,5269.23,0,5971.79,72946.62,PAID
EMP0095,2026-04,74400,9579,0,1395,0,85374,548.46,2861.54,0,3410,81964,PAID
EMP0096,2026-04,74400,10689,0,1582.79,0,86671.79,1514.23,11446.15,0,12960.38,73711.41,PAID
EMP0097,2026-04,80000,11874,0,2259.62,0,94133.62,1025.64,12307.69,0,13333.33,80800.29,PAID
EMP0098,2026-04,80000,11086,0,4307.69,0,95393.69,153.85,3076.92,0,3230.77,92162.92,PAID
EMP0099,2026-04,73300,11147,0,1585.82,0,86032.82,604.96,2819.23,0,3424.19,82608.63,PAID
EMP0100,2026-04,79700,8990,0,2730.11,0,91420.11,549.21,6130.77,0,6679.98,84740.13,PAID
EMP0001,2026-05,423400,11061,0,13536.59,10591,458588.59,5122.87,0,0,5122.87,453465.72,PAID
EMP0002,2026-05,189600,10733,0,5013.46,0,205346.46,2856.15,14584.62,0,17440.77,187905.69,PAID
EMP0003,2026-05,58700,10121,0,2342.36,0,71163.36,522.09,6773.08,0,7295.17,63868.19,PAID
EMP0004,2026-05,49300,11076,0,1718.39,0,62094.39,355.53,0,0,355.53,61738.86,PAID
EMP0005,2026-05,59300,9917,0,933.69,0,70150.69,969.33,2280.77,5297,8547.1,61603.59,PAID
EMP0006,2026-05,51700,11684,0,1093.65,0,64477.65,637.96,1988.46,0,2626.42,61851.23,PAID
EMP0007,2026-05,60900,11300,0,4157.6,0,76357.6,575.82,0,0,575.82,75781.78,PAID
EMP0008,2026-05,53500,11927,0,662.32,0,66089.32,844.51,0,0,844.51,65244.81,PAID
EMP0009,2026-05,205600,10155,0,6647.4,0,222402.4,4283.33,7907.69,0,12191.02,210211.38,PAID
EMP0010,2026-05,95600,9906,5964,2367.02,0,113837.02,474.94,11030.77,0,11505.71,102331.31,PAID
EMP0011,2026-05,99200,8150,5228,0,5418,117996,1192.31,3815.38,0,5007.69,112988.31,PAID
EMP0012,2026-05,108400,12136,6438,2345.19,0,129319.19,816.47,0,0,816.47,128502.72,PAID
EMP0013,2026-05,91000,10134,6169,3675,0,110978,809.38,3500,0,4309.38,106668.62,PAID
EMP0014,2026-05,84800,10559,5459,326.15,15110,116254.15,1698.72,9784.62,0,11483.34,104770.81,PAID
EMP0015,2026-05,77100,10942,4528,4401.74,0,96971.74,1457.98,0,0,1457.98,95513.76,PAID
EMP0016,2026-05,76500,9084,5686,1222.9,0,92492.9,361.66,2942.31,0,3303.97,89188.93,PAID
EMP0017,2026-05,61700,12383,5859,1053.05,0,80995.05,692.15,7119.23,3451,11262.38,69732.67,PAID
EMP0018,2026-05,57200,10851,5587,852.5,0,74490.5,554.58,2200,0,2754.58,71735.92,PAID
EMP0019,2026-05,56400,11194,4064,2677.64,8131,82466.64,198.85,0,6524,6722.85,75743.79,PAID
EMP0020,2026-05,63500,10967,5021,2190.44,0,81678.44,274.76,0,0,274.76,81403.68,PAID
EMP0021,2026-05,60100,10987,5509,209.48,0,76805.48,1309.87,11557.69,0,12867.56,63937.92,PAID
EMP0022,2026-05,56800,8968,5266,2266.54,0,73300.54,172.95,2184.62,0,2357.57,70942.97,PAID
EMP0023,2026-05,61100,10968,4537,866.56,19795,97266.56,832.29,2350,0,3182.29,94084.27,PAID
EMP0024,2026-05,57000,10003,5949,657.69,0,73609.69,0,2192.31,0,2192.31,71417.38,PAID
EMP0025,2026-05,63600,9318,4553,2308.56,0,79779.56,749.13,4892.31,0,5641.44,74138.12,PAID
EMP0026,2026-05,51900,10905,5914,2638.67,0,71357.67,590.53,1996.15,0,2586.68,68770.99,PAID
EMP0027,2026-05,63500,10001,4362,3747.42,0,81610.42,447.76,4884.62,0,5332.38,76278.04,PAID
EMP0028,2026-05,59200,9598,5420,925,0,75143,801.67,0,0,801.67,74341.33,PAID
EMP0029,2026-05,63500,10085,4701,2465.2,0,80751.2,961.66,0,0,961.66,79789.54,PAID
EMP0030,2026-05,59500,8299,6487,2381.43,0,76667.43,1411.22,4576.92,0,5988.14,70679.29,PAID
EMP0031,2026-05,64900,10392,5485,912.66,0,81689.66,0,0,7242,7242,74447.66,PAID
EMP0032,2026-05,64500,11906,5726,2519.53,0,84651.53,1162.86,4961.54,0,6124.4,78527.13,PAID
EMP0033,2026-05,57000,10813,5735,1794.95,18566,93908.95,520.67,8769.23,0,9289.9,84619.05,PAID
EMP0034,2026-05,62600,9311,5980,1309.18,0,79200.18,586.88,7223.08,0,7809.96,71390.22,PAID
EMP0035,2026-05,58400,11443,6915,1670.58,0,78428.58,1422.56,4492.31,0,5914.87,72513.71,PAID
EMP0036,2026-05,53600,11234,5373,2377.21,0,72584.21,1073.72,6184.62,0,7258.34,65325.87,PAID
EMP0037,2026-05,40000,10495,5080,2480.77,13249,71304.77,0,0,4455,4455,66849.77,PAID
EMP0038,2026-05,43400,11607,4988,1851.8,0,61846.8,312.98,1669.23,0,1982.21,59864.59,PAID
EMP0039,2026-05,40900,10528,5193,294.95,0,56915.95,314.62,0,7908,8222.62,48693.33,PAID
EMP0040,2026-05,39600,11116,6394,452.16,0,57562.16,428.37,6092.31,0,6520.68,51041.48,PAID
EMP0041,2026-05,45900,10431,6859,573.75,0,63763.75,735.58,1765.38,0,2500.96,61262.79,PAID
EMP0042,2026-05,42300,10335,4127,701.61,0,57463.61,376.23,11388.46,0,11764.69,45698.92,PAID
EMP0043,2026-05,45500,11516,5746,1334.38,0,64096.38,229.69,0,0,229.69,63866.69,PAID
EMP0044,2026-05,41000,10846,6697,1636.06,15610,75789.06,233.25,1576.92,0,1810.17,73978.89,PAID
EMP0045,2026-05,39200,12855,5484,961.15,0,58500.15,559.1,1507.69,0,2066.79,56433.36,PAID
EMP0046,2026-05,41400,10227,5924,1288.77,0,58839.77,172.5,0,0,172.5,58667.27,PAID
EMP0047,2026-05,29900,10794,4226,1415.94,0,46335.94,158.13,2300,0,2458.13,43877.81,PAID
EMP0049,2026-05,185500,11622,0,891.83,0,198013.83,1218.83,28538.46,0,29757.29,168256.54,PAID
EMP0050,2026-05,86500,9778,4245,2120.91,0,102643.91,603,9980.77,0,10583.77,92060.14,PAID
EMP0051,2026-05,94900,11181,6586,1334.53,0,114001.53,1596.88,10950,0,12546.88,101454.65,PAID
EMP0052,2026-05,53000,9191,5213,637.02,0,68041.02,488.38,0,0,488.38,67552.64,PAID
EMP0054,2026-05,52200,9216,6844,1097.96,0,69357.96,422.45,2007.69,3544,5974.14,63383.82,PAID
EMP0055,2026-05,59100,11449,6889,1591.15,0,79029.15,355.17,4546.15,0,4901.32,74127.83,PAID
EMP0057,2026-05,52200,8835,5546,1066.59,0,67647.59,899.28,2007.69,2759,5665.97,61981.62,PAID
EMP0059,2026-05,57900,10467,4822,2484.41,0,75673.41,422.19,4453.85,0,4876.04,70797.37,PAID
EMP0060,2026-05,55100,10820,4668,1304.65,8436,80328.65,940.41,4238.46,0,5178.87,75149.78,PAID
EMP0061,2026-05,185200,10249,0,5008.41,0,200457.41,3873.17,35615.38,0,39488.55,160968.86,PAID
EMP0062,2026-05,93500,10126,5045,4731.19,18895,132297.19,1423.48,10788.46,4057,16268.94,116028.25,PAID
EMP0063,2026-05,111100,12382,6314,3031.21,0,132827.21,988.15,4273.08,0,5261.23,127565.98,PAID
EMP0064,2026-05,55300,10324,6290,817.54,17236,89967.54,673.53,4253.85,7606,12533.38,77434.16,PAID
EMP0065,2026-05,67000,10532,5179,2045.43,0,84756.43,746.23,7730.77,0,8477,76279.43,PAID
EMP0066,2026-05,53200,10918,4512,1202.12,0,69832.12,605.32,4092.31,0,4697.63,65134.49,PAID
EMP0067,2026-05,61100,10849,5056,1226.41,0,78231.41,543.44,0,0,543.44,77687.97,PAID
EMP0068,2026-05,52900,11471,5481,826.56,0,70678.56,267.04,4069.23,0,4336.27,66342.29,PAID
EMP0069,2026-05,65300,9593,6175,722.07,0,81790.07,800.55,0,0,800.55,80989.52,PAID
EMP0070,2026-05,62900,11231,5047,430.93,0,79608.93,468.73,2419.23,0,2887.96,76720.97,PAID
EMP0071,2026-05,189900,9920,0,5888.73,0,205708.73,1186.88,21911.54,3301,26399.42,179309.31,PAID
EMP0072,2026-05,99500,11458,0,669.71,6818,118445.71,558.09,11480.77,0,12038.86,106406.85,PAID
EMP0073,2026-05,92600,10782,0,2737.93,0,106119.93,1009.1,0,0,1009.1,105110.83,PAID
EMP0075,2026-05,51100,10282,0,2100.5,0,63482.5,880.33,1965.38,0,2845.71,60636.79,PAID
EMP0076,2026-05,52100,10827,0,1202.31,0,64129.31,567.76,2003.85,0,2571.61,61557.7,PAID
EMP0077,2026-05,44100,10438,0,906.38,0,55444.38,296.83,3392.31,0,3689.14,51755.24,PAID
EMP0078,2026-05,49700,9436,0,973.69,0,60109.69,151.33,0,0,151.33,59958.36,PAID
EMP0079,2026-05,53500,11900,0,1099.58,0,66499.58,1500.4,6173.08,0,7673.48,58826.1,PAID
EMP0080,2026-05,53200,10486,0,2052.55,12188,77926.55,690.58,4092.31,5654,10436.89,67489.66,PAID
EMP0081,2026-05,48200,12204,0,0,0,60404,722.23,0,0,722.23,59681.77,PAID
EMP0082,2026-05,47300,11215,0,1176.81,0,59691.81,860.34,5457.69,0,6318.03,53373.78,PAID
EMP0083,2026-05,191100,10342,0,4593.75,0,206035.75,0,0,0,0,206035.75,PAID
EMP0084,2026-05,150200,9578,0,3755,14867,178400,974.86,0,0,974.86,177425.14,PAID
EMP0085,2026-05,72800,10394,0,2283.75,0,85477.75,548.33,8400,0,8948.33,76529.42,PAID
EMP0086,2026-05,77700,10891,0,1951.84,7140,97682.84,498.08,0,0,498.08,97184.76,PAID
EMP0087,2026-05,66000,10593,0,0,0,76593,1232.21,2538.46,0,3770.67,72822.33,PAID
EMP0088,2026-05,72800,10779,0,1557.5,0,85136.5,600.83,5600,0,6200.83,78935.67,PAID
EMP0089,2026-05,76400,10482,0,2433.41,0,89315.41,881.54,2938.46,0,3820,85495.41,PAID
EMP0090,2026-05,78200,10275,0,1748.22,0,90223.22,1115.35,3007.69,0,4123.04,86100.18,PAID
EMP0091,2026-05,234900,9525,0,2399.82,0,246824.82,1637.52,9034.62,6913,17585.14,229239.68,PAID
EMP0092,2026-05,149500,9711,0,988.28,13264,173463.28,383.33,0,2262,2645.33,170817.95,PAID
EMP0093,2026-05,71400,9475,0,1716.35,0,82591.35,1659.13,0,0,1659.13,80932.22,PAID
EMP0094,2026-05,68500,9711,0,831.55,0,79042.55,1350.24,2634.62,0,3984.86,75057.69,PAID
EMP0095,2026-05,74400,9312,0,1010.48,0,84722.48,405.38,0,4597,5002.38,79720.1,PAID
EMP0096,2026-05,74400,12849,0,2727.4,7009,96985.4,1055.19,8584.62,0,9639.81,87345.59,PAID
EMP0097,2026-05,80000,9085,0,913.46,0,89998.46,596.15,6153.85,0,6750,83248.46,PAID
EMP0098,2026-05,80000,10205,0,1076.92,17293,108574.92,391.03,0,4213,4604.03,103970.89,PAID
EMP0099,2026-05,73300,9188,0,1048.4,17725,101261.4,528.61,2819.23,0,3347.84,97913.56,PAID
EMP0100,2026-05,79700,10576,0,2040.4,0,92316.4,287.38,0,0,287.38,92029.02,PAID
EMP0001,2026-06,423400,9664,0,2340.91,0,435404.91,8074.46,48853.85,0,56928.31,378476.6,PAID
EMP0002,2026-06,189600,11611,0,3167.6,18095,222473.6,3068.85,29169.23,0,32238.08,190235.52,PAID
EMP0003,2026-06,58700,12764,0,1368.73,0,72832.73,710.23,11288.46,5669,17667.69,55165.04,PAID
EMP0004,2026-06,49300,10596,0,1155.47,0,61051.47,213.32,0,0,213.32,60838.15,PAID
EMP0005,2026-06,59300,9327,0,2245.13,0,70872.13,674.73,4561.54,0,5236.27,65635.86,PAID
EMP0006,2026-06,51700,9735,0,1019.09,0,62454.09,720.82,1988.46,0,2709.28,59744.81,PAID
EMP0007,2026-06,60900,9910,0,2254.47,14957,88021.47,92.72,0,0,92.72,87928.75,PAID
EMP0008,2026-06,53500,10530,0,3858.17,0,67888.17,1123.16,4115.38,0,5238.54,62649.63,PAID
EMP0009,2026-06,205600,10091,0,3434.9,8179,227304.9,2734.74,7907.69,0,10642.43,216662.47,PAID
EMP0010,2026-06,95600,9791,5916,1367.36,0,112674.36,1578.01,0,0,1578.01,111096.35,PAID
EMP0011,2026-06,99200,11978,4366,2503.85,0,118047.85,1454.62,7630.77,0,9085.39,108962.46,PAID
EMP0012,2026-06,108400,9116,5138,4586.15,0,127240.15,495.1,16676.92,0,17172.02,110068.13,PAID
EMP0013,2026-06,91000,11193,4025,3215.63,0,109433.63,1122.92,14000,0,15122.92,94310.71,PAID
EMP0014,2026-06,84800,9289,5907,540.19,0,100536.19,1338.59,16307.69,0,17646.28,82889.91,PAID
EMP0015,2026-06,77100,11032,6781,1899.7,0,96812.7,426.27,8896.15,0,9322.42,87490.28,PAID
EMP0016,2026-06,76500,10141,6223,2859.56,0,95723.56,821.39,0,4256,5077.39,90646.17,PAID
EMP0017,2026-06,61700,10884,6657,2491.73,0,81732.73,336.19,7119.23,0,7455.42,74277.31,PAID
EMP0018,2026-06,57200,11326,4761,1031.25,0,74318.25,646.25,4400,0,5046.25,69272,PAID
EMP0019,2026-06,56400,11356,5444,223.7,0,73423.7,0,0,0,0,73423.7,PAID
EMP0020,2026-06,63500,9276,6383,1381.43,11714,92254.43,167.91,2442.31,0,2610.22,89644.21,PAID
EMP0021,2026-06,60100,11134,6378,1639.75,0,79251.75,255.23,9246.15,0,9501.38,69750.37,PAID
EMP0022,2026-06,56800,11667,4076,1276.63,9622,83441.63,441.47,0,0,441.47,83000.16,PAID
EMP0023,2026-06,61100,12092,5099,492.03,0,78783.03,984.06,2350,5808,9142.06,69640.97,PAID
EMP0024,2026-06,57000,11087,6445,1829.21,0,76361.21,123.32,0,4987,5110.32,71250.89,PAID
EMP0025,2026-06,63600,10619,4843,588.61,0,79650.61,810.29,7338.46,0,8148.75,71501.86,PAID
EMP0026,2026-06,51900,10672,5965,2077.25,0,70614.25,765.19,1996.15,0,2761.34,67852.91,PAID
EMP0027,2026-06,63500,11007,6536,1763.04,0,82806.04,686.9,7326.92,0,8013.82,74792.22,PAID
EMP0028,2026-06,59200,11167,4526,725.77,0,75618.77,441.15,2276.92,0,2718.07,72900.7,PAID
EMP0029,2026-06,63500,10301,4705,1663.82,0,80169.82,737.78,7326.92,3584,11648.7,68521.12,PAID
EMP0030,2026-06,59500,8497,6421,2038.16,0,76456.16,734.21,4576.92,5760,11071.13,65385.03,PAID
EMP0031,2026-06,64900,11192,6873,2675.56,0,85640.56,265.22,0,5416,5681.22,79959.34,PAID
EMP0032,2026-06,64500,8766,6738,1914.84,0,81918.84,522,9923.08,7096,17541.08,64377.76,PAID
EMP0033,2026-06,57000,10251,5374,376.8,0,73001.8,1488.94,17538.46,0,19027.4,53974.4,PAID
EMP0034,2026-06,62600,11139,5521,1391.95,0,80651.95,817.61,4815.38,0,5632.99,75018.96,PAID
EMP0035,2026-06,58400,11205,6423,1923.27,0,77951.27,641.09,8984.62,0,9625.71,68325.56,PAID
EMP0036,2026-06,53600,9007,4377,1172.5,9491,77647.5,1275.58,10307.69,0,11583.27,66064.23,PAID
EMP0037,2026-06,40000,9445,6915,889.42,0,57249.42,96.15,0,2948,3044.15,54205.27,PAID
EMP0038,2026-06,43400,11617,6636,1731.83,0,63384.83,730.29,3338.46,0,4068.75,59316.08,PAID
EMP0039,2026-06,40900,11925,5435,1194.56,0,59454.56,534.19,1573.08,0,2107.27,57347.29,PAID
EMP0040,2026-06,39600,9033,4887,1380.29,0,54900.29,571.15,10661.54,4099,15331.69,39568.6,PAID
EMP0041,2026-06,45900,9603,6952,2333.62,0,64788.62,1018.77,1765.38,0,2784.15,62004.47,PAID
EMP0042,2026-06,42300,12090,5650,106.77,0,60146.77,715.17,4880.77,6512,12107.94,48038.83,PAID
EMP0043,2026-06,45500,9627,6769,634.38,0,62530.38,193.23,0,0,193.23,62337.15,PAID
EMP0044,2026-06,41000,8862,6654,734.25,0,57250.25,703.04,1576.92,0,2279.96,54970.29,PAID
EMP0045,2026-06,39200,11542,4015,857.5,0,55614.5,131.92,6030.77,0,6162.69,49451.81,PAID
EMP0046,2026-06,41400,11204,6749,567.26,0,59920.26,119.42,0,0,119.42,59800.84,PAID
EMP0047,2026-06,29900,8899,6711,553.44,0,46063.44,570.21,2300,0,2870.21,43193.23,PAID
EMP0049,2026-06,185500,11345,0,0,0,196845,1991.75,14269.23,0,16260.98,180584.02,PAID
EMP0050,2026-06,86500,10545,5576,2755.11,0,105376.11,859.46,13307.69,0,14167.15,91208.96,PAID
EMP0051,2026-06,94900,9857,4441,3091.09,0,112289.09,1201.46,18250,0,19451.46,92837.63,PAID
EMP0052,2026-06,53000,10187,4912,1331.37,0,69430.37,658.25,2038.46,2190,4886.71,64543.66,PAID
EMP0054,2026-06,52200,10796,6426,784.25,0,70206.25,355.53,0,5195,5550.53,64655.72,PAID
EMP0055,2026-06,59100,10200,5233,1214.68,0,75747.68,615.63,6819.23,0,7434.86,68312.82,PAID
EMP0057,2026-06,52200,8925,5369,966.2,0,67460.2,531.2,0,0,531.2,66929,PAID
EMP0059,2026-06,57900,10338,5415,2073.82,0,75726.82,733.03,4453.85,0,5186.88,70539.94,PAID
EMP0060,2026-06,55100,11256,4237,2165.59,8796,81554.59,803.54,0,2487,3290.54,78264.05,PAID
EMP0061,2026-06,185200,9884,0,8236.06,0,203320.06,3220.22,7123.08,0,10343.3,192976.76,PAID
EMP0062,2026-06,93500,9799,5535,3742.25,0,112576.25,1498.4,10788.46,0,12286.86,100289.39,PAID
EMP0063,2026-06,111100,8523,6369,2497.08,8547,137036.08,1593.5,17092.31,0,18685.81,118350.27,PAID
EMP0064,2026-06,55300,9447,4782,1090.05,0,70619.05,376.64,2126.92,0,2503.56,68115.49,PAID
EMP0065,2026-06,67000,10653,5369,1344.83,5156,89522.83,515.38,5153.85,0,5669.23,83853.6,PAID
EMP0066,2026-06,53200,10841,4225,2174.04,0,70440.04,575.48,4092.31,0,4667.79,65772.25,PAID
EMP0067,2026-06,61100,11731,4567,2731.88,0,80129.88,97.92,0,0,97.92,80031.96,PAID
EMP0068,2026-06,52900,8486,4176,1773.93,0,67335.93,394.21,6103.85,4003,10501.06,56834.87,PAID
EMP0069,2026-06,65300,9728,4813,1185.13,0,81026.13,591.26,5023.08,0,5614.34,75411.79,PAID
EMP0070,2026-06,62900,11561,4837,3265.96,0,82563.96,493.93,2419.23,0,2913.16,79650.8,PAID
EMP0071,2026-06,189900,10432,0,9198.28,0,209530.28,3804.09,7303.85,0,11107.94,198422.34,PAID
EMP0072,2026-06,99500,9587,0,3755.17,0,112842.17,1650.36,0,0,1650.36,111191.81,PAID
EMP0073,2026-06,92600,8092,0,3884.3,0,104576.3,845.87,3561.54,0,4407.41,100168.89,PAID
EMP0075,2026-06,51100,9641,0,2217.2,0,62958.2,1007.26,1965.38,2807,5779.64,57178.56,PAID
EMP0076,2026-06,52100,12109,0,1722.06,0,65931.06,626.2,2003.85,0,2630.05,63301.01,PAID
EMP0077,2026-06,44100,12578,0,1213.81,0,57891.81,943.49,3392.31,5575,9910.8,47981.01,PAID
EMP0078,2026-06,49700,11676,0,2042.96,0,63418.96,346.47,0,0,346.47,63072.49,PAID
EMP0079,2026-06,53500,10917,0,475.84,0,64892.84,553,4115.38,0,4668.38,60224.46,PAID
EMP0080,2026-06,53200,9542,0,626.63,0,63368.63,690.58,2046.15,0,2736.73,60631.9,PAID
EMP0081,2026-06,48200,8944,0,556.15,0,57700.15,312.84,1853.85,0,2166.69,55533.46,PAID
EMP0082,2026-06,47300,9313,0,2097.8,0,58710.8,174.34,7276.92,0,7451.26,51259.54,PAID
EMP0083,2026-06,191100,12140,0,7418.91,0,210658.91,627.81,0,0,627.81,210031.1,PAID
EMP0084,2026-06,150200,10732,0,2671.83,0,163603.83,2033.96,34661.54,0,36695.5,126908.33,PAID
EMP0085,2026-06,72800,10173,0,2205,0,85178,950.83,5600,0,6550.83,78627.17,PAID
EMP0086,2026-06,77700,11569,0,933.89,0,90202.89,31.13,2988.46,0,3019.59,87183.3,PAID
EMP0087,2026-06,66000,10136,0,3046.15,0,79182.15,666.35,5076.92,2676,8419.27,70762.88,PAID
EMP0088,2026-06,72800,11112,0,2537.5,16581,103030.5,1691.67,2800,0,4491.67,98538.83,PAID
EMP0089,2026-06,76400,11099,0,1579.42,0,89078.42,691.76,2938.46,0,3630.22,85448.2,PAID
EMP0090,2026-06,78200,8899,0,3007.69,0,90106.69,958.7,9023.08,0,9981.78,80124.91,PAID
EMP0091,2026-06,234900,9652,0,4093.81,0,248645.81,2559.81,9034.62,0,11594.43,237051.38,PAID
EMP0092,2026-06,149500,12619,0,5031.25,0,167150.25,227.6,0,0,227.6,166922.65,PAID
EMP0093,2026-06,71400,10734,0,420.5,0,82554.5,778.08,5492.31,0,6270.39,76284.11,PAID
EMP0094,2026-06,68500,9755,0,2519.35,0,80774.35,812.34,5269.23,0,6081.57,74692.78,PAID
EMP0095,2026-06,74400,11085,0,1350.29,0,86835.29,494.81,2861.54,0,3356.35,83478.94,PAID
EMP0096,2026-06,74400,10665,0,2164.04,0,87229.04,1371.15,8584.62,0,9955.77,77273.27,PAID
EMP0097,2026-06,80000,9450,0,3019.23,0,92469.23,1307.69,0,0,1307.69,91161.54,PAID
EMP0098,2026-06,80000,10745,0,1384.62,5687,97816.62,0,0,0,0,97816.62,PAID
EMP0099,2026-06,73300,9974,0,1339.13,0,84613.13,781.16,2819.23,4616,8216.39,76396.74,PAID
EMP0100,2026-06,79700,10199,0,2596,0,92495,1385.81,3065.38,0,4451.19,88043.81,PAID
EMP0001,2026-07,423400,10900,0,13383.92,0,447683.92,5156.79,32569.23,6483,44209.02,403474.9,PAID
EMP0002,2026-07,189600,10682,0,1937.02,0,202219.02,4967.88,21876.92,0,26844.8,175374.22,PAID
EMP0003,2026-07,58700,9744,0,1735.6,5657,75836.6,1039.48,9030.77,0,10070.25,65766.35,PAID
EMP0004,2026-07,49300,9977,0,1256.2,0,60533.2,102.71,0,0,102.71,60430.49,PAID
EMP0005,2026-07,59300,11025,0,1596.54,8076,79997.54,1031.1,0,0,1031.1,78966.44,PAID
EMP0006,2026-07,51700,10445,0,273.41,0,62418.41,695.96,3976.92,0,4672.88,57745.53,PAID
EMP0007,2026-07,60900,10284,0,2613.14,0,73797.14,185.43,0,0,185.43,73611.71,PAID
EMP0008,2026-07,53500,12268,0,1408.23,0,67176.23,390.1,6173.08,0,6563.18,60613.05,PAID
EMP0009,2026-07,205600,9143,0,5930.77,0,220673.77,4184.49,7907.69,0,12092.18,208581.59,PAID
EMP0010,2026-07,95600,11113,5550,3688.41,0,115951.41,1210.32,3676.92,0,4887.24,111064.17,PAID
EMP0011,2026-07,99200,11912,4288,4960,0,120360,1454.62,3815.38,0,5270,115090,PAID
EMP0012,2026-07,108400,10129,6851,403.89,0,125783.89,1137.85,12507.69,0,13645.54,112138.35,PAID
EMP0013,2026-07,91000,9983,4681,1443.75,0,107107.75,1968.75,3500,0,5468.75,101639,PAID
EMP0014,2026-07,84800,8108,5009,5269.42,0,103186.42,740.64,9784.62,0,10525.26,92661.16,PAID
EMP0015,2026-07,77100,11346,6446,4262.74,0,99154.74,1031.71,5930.77,0,6962.48,92192.26,PAID
EMP0016,2026-07,76500,9501,4475,1747,0,92223,1875.72,5884.62,3568,11328.34,80894.66,PAID
EMP0017,2026-07,61700,10004,5495,1468.34,0,78667.34,1013.5,9492.31,0,10505.81,68161.53,PAID
EMP0018,2026-07,57200,10888,6832,969.38,0,75889.38,398.75,2200,0,2598.75,73290.63,PAID
EMP0019,2026-07,56400,11112,5731,671.11,0,73914.11,262.12,0,0,262.12,73651.99,PAID
EMP0020,2026-07,63500,11061,6277,190.81,0,81028.81,493.55,2442.31,0,2935.86,78092.95,PAID
EMP0021,2026-07,60100,9523,5442,1090.76,0,76155.76,1333.95,4623.08,5080,11037.03,65118.73,PAID
EMP0022,2026-07,56800,8989,5436,1952.5,0,73177.5,0,2184.62,0,2184.62,70992.88,PAID
EMP0023,2026-07,61100,9911,5035,2496.88,0,78542.88,631.56,9400,0,10031.56,68511.32,PAID
EMP0024,2026-07,57000,10379,6630,1692.19,0,75701.19,159.86,0,0,159.86,75541.33,PAID
EMP0025,2026-07,63600,10303,5915,1429.47,0,81247.47,759.33,2446.15,0,3205.48,78041.99,PAID
EMP0026,2026-07,51900,9369,6719,2557.57,0,70545.57,781.83,0,0,781.83,69763.74,PAID
EMP0027,2026-07,63500,9182,4734,2472.84,0,79888.84,717.43,0,0,717.43,79171.41,PAID
EMP0028,2026-07,59200,10369,4382,839.62,0,74790.62,754.23,4553.85,0,5308.08,69482.54,PAID
EMP0029,2026-07,63500,11261,4818,2434.68,0,82013.68,966.75,2442.31,0,3409.06,78604.62,PAID
EMP0030,2026-07,59500,12065,5131,765.2,0,77461.2,786.66,6865.38,0,7652.04,69809.16,PAID
EMP0031,2026-07,64900,10302,5382,3791.03,0,84375.03,525.23,0,0,525.23,83849.8,PAID
EMP0032,2026-07,64500,11090,4254,2527.28,6749,89120.28,837.26,2480.77,5926,9244.03,79876.25,PAID
EMP0033,2026-07,57000,11386,5878,774.16,0,75038.16,968.27,10961.54,0,11929.81,63108.35,PAID
EMP0034,2026-07,62600,11671,6009,1798.25,0,82078.25,1264.04,9630.77,0,10894.81,71183.44,PAID
EMP0035,2026-07,58400,10692,4829,3144.62,8080,85145.62,758.08,0,0,758.08,84387.54,PAID
EMP0036,2026-07,53600,11008,4633,2815.29,0,72056.29,996.41,8246.15,0,9242.56,62813.73,PAID
EMP0037,2026-07,40000,9439,5554,1754.81,0,56747.81,298.08,0,0,298.08,56449.73,PAID
EMP0038,2026-07,43400,10947,5651,1241.49,0,61239.49,281.68,5007.69,0,5289.37,55950.12,PAID
EMP0039,2026-07,40900,10649,4475,589.9,0,56613.9,625.95,1573.08,0,2199.03,54414.87,PAID
EMP0040,2026-07,39600,10063,6171,1346.97,0,57180.97,669.52,7615.38,0,8284.9,48896.07,PAID
EMP0041,2026-07,45900,8752,6968,2206.73,0,63826.73,522.26,0,0,522.26,63304.47,PAID
EMP0042,2026-07,42300,11237,4293,1072.75,0,58902.75,742.28,4880.77,0,5623.05,53279.7,PAID
EMP0043,2026-07,45500,10582,4897,771.09,0,61750.09,149.48,0,0,149.48,61600.61,PAID
EMP0044,2026-07,41000,10282,6403,1463.58,0,59148.58,611.06,1576.92,0,2187.98,56960.6,PAID
EMP0045,2026-07,39200,10814,5336,1257.98,15974,72581.98,508.85,1507.69,0,2016.54,70565.44,PAID
EMP0046,2026-07,41400,12189,5348,1691.83,0,60628.83,0,0,0,0,60628.83,PAID
EMP0047,2026-07,29900,11382,4904,1027.81,0,47213.81,352.19,2300,0,2652.19,44561.62,PAID
EMP0049,2026-07,185500,9425,0,1092.49,17085,213102.49,2021.47,14269.23,0,16290.7,196811.79,PAID
EMP0050,2026-07,86500,9587,4334,2983.83,0,103404.83,1171.35,9980.77,0,11152.12,92252.71,PAID
EMP0051,2026-07,94900,9707,4913,2338.28,19255,131113.28,1551.25,18250,0,19801.25,111312.03,PAID
EMP0052,2026-07,53000,9617,5988,1293.15,0,69898.15,738.94,0,0,738.94,69159.21,PAID
EMP0054,2026-07,52200,9090,6021,1599.88,0,68910.88,568.85,0,0,568.85,68342.03,PAID
EMP0055,2026-07,59100,12463,5556,887.92,0,78006.92,715.07,4546.15,0,5261.22,72745.7,PAID
EMP0056,2026-07,53200,9233,4707,2570.48,0,69710.48,733.21,4092.31,0,4825.52,64884.96,PAID
EMP0057,2026-07,52200,10195,4235,1832.02,0,68462.02,861.63,10038.46,7530,18430.09,50031.93,PAID
EMP0058,2026-07,58200,10574,5056,524.64,0,74354.64,172.55,0,0,172.55,74182.09,PAID
EMP0059,2026-07,57900,11372,6501,3055.06,0,78828.06,436.11,6680.77,0,7116.88,71711.18,PAID
EMP0060,2026-07,55100,9860,4551,1695.38,0,71206.38,468,6357.69,0,6825.69,64380.69,PAID
EMP0061,2026-07,185200,11204,0,4696.78,0,201100.78,1558.17,21369.23,0,22927.4,178173.38,PAID
EMP0062,2026-07,93500,11287,5611,1348.56,0,111746.56,1438.46,10788.46,0,12226.92,99519.64,PAID
EMP0063,2026-07,111100,10913,5633,2603.91,0,130249.91,908.03,8546.15,0,9454.18,120795.73,PAID
EMP0064,2026-07,55300,10160,4038,0,0,69498,88.62,0,0,88.62,69409.38,PAID
EMP0065,2026-07,67000,9195,5672,2150.12,0,84017.12,960.98,7730.77,6244,14935.75,69081.37,PAID
EMP0066,2026-07,53200,8583,4302,3011.68,0,69096.68,1295.9,8184.62,3215,12695.52,56401.16,PAID
EMP0067,2026-07,61100,12330,6507,1175,0,81112,460.21,0,0,460.21,80651.79,PAID
EMP0068,2026-07,52900,9724,6307,3846.69,0,72777.69,627.34,4069.23,0,4696.57,68081.12,PAID
EMP0069,2026-07,65300,9464,4088,604.34,0,79456.34,920.9,7534.62,0,8455.52,71000.82,PAID
EMP0070,2026-07,62900,12051,4095,2956,0,82002,695.53,4838.46,0,5533.99,76468.01,PAID
EMP0071,2026-07,189900,11162,0,6071.32,0,207133.32,2099.86,14607.69,5766,22473.55,184659.77,PAID
EMP0072,2026-07,99500,11186,0,1494.89,0,112180.89,1052.4,0,0,1052.4,111128.49,PAID
EMP0073,2026-07,92600,11539,0,1391.23,0,105530.23,1157.5,3561.54,0,4719.04,100811.19,PAID
EMP0074,2026-07,48200,9337,0,0,0,57537,251.04,9269.23,7480,17000.27,40536.73,PAID
EMP0075,2026-07,51100,11013,0,1099.39,0,63212.39,655.13,3930.77,4765,9350.9,53861.49,PAID
EMP0076,2026-07,52100,12648,0,2229.28,0,66977.28,709.7,2003.85,0,2713.55,64263.73,PAID
EMP0077,2026-07,44100,9465,0,487.64,0,54052.64,416.97,3392.31,0,3809.28,50243.36,PAID
EMP0078,2026-07,49700,9856,0,2222.16,0,61778.16,338.5,0,0,338.5,61439.66,PAID
EMP0079,2026-07,53500,11551,0,3099.4,0,68150.4,690.18,0,0,690.18,67460.22,PAID
EMP0080,2026-07,53200,10613,0,1355.58,0,65168.58,289.87,0,0,289.87,64878.71,PAID
EMP0081,2026-07,48200,11210,0,3591.83,13003,76004.83,753.13,0,0,753.13,75251.7,PAID
EMP0082,2026-07,47300,11845,0,1512.24,0,60657.24,818.65,9096.15,0,9914.8,50742.44,PAID
EMP0083,2026-07,191100,9680,0,1125.47,0,201905.47,0,7350,0,7350,194555.47,PAID
EMP0084,2026-07,150200,10020,0,5542.24,0,165762.24,2491.3,0,0,2491.3,163270.94,PAID
EMP0085,2026-07,72800,11541,0,3001.25,0,87342.25,705.83,2800,0,3505.83,83836.42,PAID
EMP0086,2026-07,77700,11493,0,2222.67,0,91415.67,0,0,0,0,91415.67,PAID
EMP0087,2026-07,66000,11823,0,2221.15,0,80044.15,412.5,7615.38,0,8027.88,72016.27,PAID
EMP0088,2026-07,72800,9750,0,2563.75,0,85113.75,845.83,2800,5519,9164.83,75948.92,PAID
EMP0089,2026-07,76400,10189,0,1248.85,0,87837.85,1187.63,5876.92,0,7064.55,80773.3,PAID
EMP0090,2026-07,78200,9779,0,385.36,0,88364.36,614.07,3007.69,0,3621.76,84742.6,PAID
EMP0091,2026-07,234900,10149,0,7961.75,0,253010.75,2183.37,18069.23,6969,27221.6,225789.15,PAID
EMP0092,2026-07,149500,10538,0,2048.44,0,162086.44,359.38,0,0,359.38,161727.06,PAID
EMP0093,2026-07,71400,11054,0,4694.21,0,87148.21,549.23,2746.15,0,3295.38,83852.83,PAID
EMP0094,2026-07,68500,12141,0,386.96,0,81027.96,1229.49,0,7708,8937.49,72090.47,PAID
EMP0095,2026-07,74400,11676,0,849.52,0,86925.52,536.54,2861.54,0,3398.08,83527.44,PAID
EMP0096,2026-07,74400,10185,0,1395,0,85980,2211.73,5723.08,0,7934.81,78045.19,PAID
EMP0097,2026-07,80000,11069,0,0,0,91069,1038.46,6153.85,0,7192.31,83876.69,PAID
EMP0098,2026-07,80000,11436,0,1865.38,0,93301.38,237.18,0,0,237.18,93064.2,PAID
EMP0099,2026-07,73300,11641,0,1920.6,0,86861.6,1591.69,2819.23,2123,6533.92,80327.68,PAID
EMP0100,2026-07,79700,9122,0,2892.96,0,91714.96,1730.67,3065.38,0,4796.05,86918.91,PAID
EMP0001,2026-08,423400,10720,0,12111.68,14863,461094.68,7328.08,16284.62,0,23612.7,437481.98,PAID
EMP0002,2026-08,189600,10764,0,8021.54,0,208385.54,1716.73,29169.23,0,30885.96,177499.58,PAID
EMP0003,2026-08,58700,12907,0,1411.06,0,73018.06,1015.96,15803.85,0,16819.81,56198.25,PAID
EMP0004,2026-08,49300,8702,0,1694.69,0,59696.69,177.76,0,0,177.76,59518.93,PAID
EMP0005,2026-08,59300,10766,0,641.47,0,70707.47,365.87,4561.54,0,4927.41,65780.06,PAID
EMP0006,2026-08,51700,11023,0,950.73,0,63673.73,405.98,1988.46,4979,7373.44,56300.29,PAID
EMP0007,2026-08,60900,11227,0,1149.19,0,73276.19,287.91,0,0,287.91,72988.28,PAID
EMP0008,2026-08,53500,10469,0,1324.64,0,65293.64,240.06,4115.38,4753,9108.44,56185.2,PAID
EMP0009,2026-08,205600,10808,0,2817.12,0,219225.12,1993.4,23723.08,0,25716.48,193508.64,PAID
EMP0010,2026-08,95600,11982,6804,2171.68,0,116557.68,988.17,11030.77,0,12018.94,104538.74,PAID
EMP0011,2026-08,99200,9712,4295,1347.31,0,114554.31,1327.44,3815.38,0,5142.82,109411.49,PAID
EMP0012,2026-08,108400,10198,6185,3087.84,5446,133316.84,790.42,0,0,790.42,132526.42,PAID
EMP0013,2026-08,91000,8907,4706,885.94,0,105498.94,357.29,10500,0,10857.29,94641.65,PAID
EMP0014,2026-08,84800,8240,6735,1437.12,0,101212.12,1834.62,6523.08,5409,13766.7,87445.42,PAID
EMP0015,2026-08,77100,10467,5608,1408.56,14171,108754.56,512.76,0,0,512.76,108241.8,PAID
EMP0016,2026-08,76500,9632,5000,2068.81,0,93200.81,894.95,5884.62,2083,8862.57,84338.24,PAID
EMP0017,2026-08,61700,10595,5492,304.05,0,78091.05,1008.56,9492.31,2650,13150.87,64940.18,PAID
EMP0018,2026-08,57200,8592,5655,1072.5,0,72519.5,880,0,0,880,71639.5,PAID
EMP0019,2026-08,56400,9089,4661,2677.64,0,72827.64,76.83,0,5694,5770.83,67056.81,PAID
EMP0020,2026-08,63500,10292,5943,2739.96,0,82474.96,335.82,0,5157,5492.82,76982.14,PAID
EMP0021,2026-08,60100,10692,5916,1314.69,0,78022.69,1054.64,11557.69,0,12612.33,65410.36,PAID
EMP0022,2026-08,56800,10524,4098,2778.56,0,74200.56,323.14,0,0,323.14,73877.42,PAID
EMP0023,2026-08,61100,11951,5971,2181.09,0,81203.09,435.73,0,0,435.73,80767.36,PAID
EMP0024,2026-08,57000,9758,4499,150.72,0,71407.72,520.67,0,0,520.67,70887.05,PAID
EMP0025,2026-08,63600,11575,6619,1719.95,0,83513.95,754.23,0,0,754.23,82759.72,PAID
EMP0026,2026-08,51900,11177,5971,2832.04,0,71880.04,515.67,0,5610,6125.67,65754.37,PAID
EMP0027,2026-08,63500,10399,5268,1686.72,0,80853.72,513.9,2442.31,0,2956.21,77897.51,PAID
EMP0028,2026-08,59200,11344,4452,3885,0,78881,702.05,0,7542,8244.05,70636.95,PAID
EMP0029,2026-08,63500,9648,5908,2274.4,0,81330.4,1119.39,7326.92,0,8446.31,72884.09,PAID
EMP0030,2026-08,59500,8135,4909,2760.46,0,75304.46,1387.38,2288.46,0,3675.84,71628.62,PAID
EMP0031,2026-08,64900,9248,4405,780.05,0,79333.05,52,2496.15,0,2548.15,76784.9,PAID
EMP0032,2026-08,64500,9532,6203,4155.29,0,84390.29,1090.5,0,0,1090.5,83299.79,PAID
EMP0033,2026-08,57000,11636,5350,883.77,0,74869.77,726.2,10961.54,0,11687.74,63182.03,PAID
EMP0034,2026-08,62600,12333,4188,2558.17,0,81679.17,687.2,0,0,687.2,80991.97,PAID
EMP0035,2026-08,58400,11392,6286,1270.48,18703,96051.48,781.47,2246.15,0,3027.62,93023.86,PAID
EMP0036,2026-08,53600,10588,4904,2911.92,0,72003.92,566.92,6184.62,0,6751.54,65252.38,PAID
EMP0037,2026-08,40000,10046,6416,759.62,0,57221.62,0,0,0,0,57221.62,PAID
EMP0038,2026-08,43400,9926,5697,1324.95,0,60347.95,664.21,1669.23,0,2333.44,58014.51,PAID
EMP0039,2026-08,40900,9045,5562,545.66,0,56052.66,363.77,4719.23,0,5083,50969.66,PAID
EMP0040,2026-08,39600,10530,6179,718.7,0,57027.7,923.37,4569.23,7237,12729.6,44298.1,PAID
EMP0041,2026-08,45900,11950,4623,2372.24,0,64845.24,650.99,3530.77,0,4181.76,60663.48,PAID
EMP0042,2026-08,42300,8274,6225,950.73,0,57749.73,1108.34,3253.85,0,4362.19,53387.54,PAID
EMP0043,2026-08,45500,9573,5597,1536.72,0,62206.72,350,1750,0,2100,60106.72,PAID
EMP0044,2026-08,41000,12446,4628,788.46,0,58862.46,239.82,4730.77,0,4970.59,53891.87,PAID
EMP0045,2026-08,39200,10248,5944,457.02,0,55849.02,612.5,3015.38,0,3627.88,52221.14,PAID
EMP0046,2026-08,41400,10731,6241,930.5,0,59302.5,0,0,0,0,59302.5,PAID
EMP0047,2026-08,29900,9902,4974,474.38,0,45250.38,198.85,3450,0,3648.85,41601.53,PAID
EMP0048,2026-08,32600,12728,6318,0,0,51646,0,0,0,0,51646,PAID
EMP0049,2026-08,185500,9769,0,8427.76,0,203696.76,2972.76,21403.85,0,24376.61,179320.15,PAID
EMP0050,2026-08,86500,10786,5777,2744.71,0,105807.71,402,6653.85,0,7055.85,98751.86,PAID
EMP0051,2026-08,94900,9425,4621,547.5,0,109493.5,1802.19,10950,0,12752.19,96741.31,PAID
EMP0052,2026-08,53000,11560,5759,2235.94,0,72554.94,628.53,2038.46,0,2666.99,69887.95,PAID
EMP0053,2026-08,49600,10838,5960,1722.88,0,68120.88,282.18,0,0,282.18,67838.7,PAID
EMP0054,2026-08,52200,10033,5839,2540.99,0,70612.99,435,4015.38,0,4450.38,66162.61,PAID
EMP0055,2026-08,59100,9870,6173,1875.29,0,77018.29,179.95,0,0,179.95,76838.34,PAID
EMP0056,2026-08,53200,12202,4256,1892.69,0,71550.69,537.12,4092.31,0,4629.43,66921.26,PAID
EMP0057,2026-08,52200,10704,5261,439.18,10406,79010.18,761.25,0,4546,5307.25,73702.93,PAID
EMP0058,2026-08,58200,11061,5579,1231.15,0,76071.15,704.18,6715.38,0,7419.56,68651.59,PAID
EMP0059,2026-08,57900,8665,6056,3062.02,0,75683.02,162.38,2226.92,0,2389.3,73293.72,PAID
EMP0060,2026-08,55100,9375,4974,3211.96,0,72660.96,618.11,0,0,618.11,72042.85,PAID
EMP0061,2026-08,185200,9671,0,7546.01,0,202417.01,3635.74,14246.15,0,17881.89,184535.12,PAID
EMP0062,2026-08,93500,8684,5937,5989.84,0,114110.84,1191.23,14384.62,0,15575.85,98534.99,PAID
EMP0063,2026-08,111100,11714,6833,3672.18,0,133319.18,1059.37,8546.15,6081,15686.52,117632.66,PAID
EMP0064,2026-08,55300,11697,5649,0,15218,87864,0,0,0,0,87864,PAID
EMP0065,2026-08,67000,11115,6233,1731.37,0,86079.37,1105.93,0,0,1105.93,84973.44,PAID
EMP0066,2026-08,53200,9426,5838,997.5,0,69461.5,1347.05,4092.31,0,5439.36,64022.14,PAID
EMP0067,2026-08,61100,10551,6968,286.41,0,78905.41,195.83,0,0,195.83,78709.58,PAID
EMP0068,2026-08,52900,12414,5696,756.62,0,71766.62,194.98,2034.62,0,2229.6,69537.02,PAID
EMP0069,2026-08,65300,10495,5673,0,0,81468,497.08,5023.08,0,5520.16,75947.84,PAID
EMP0070,2026-08,62900,9550,6361,2026.11,0,80837.11,262.08,0,0,262.08,80575.03,PAID
EMP0071,2026-08,189900,9192,0,9791.72,0,208883.72,2754.16,0,0,2754.16,206129.56,PAID
EMP0072,2026-08,99500,10301,0,1829.75,0,111630.75,645.79,7653.85,0,8299.64,103331.11,PAID
EMP0073,2026-08,92600,9203,0,2003.37,0,103806.37,816.19,7123.08,0,7939.27,95867.1,PAID
EMP0074,2026-08,48200,9992,0,1558.39,8811,68561.39,521.39,1853.85,0,2375.24,66186.15,PAID
EMP0075,2026-08,51100,11216,0,1154.66,0,63470.66,262.05,1965.38,0,2227.43,61243.23,PAID
EMP0076,2026-08,52100,9750,0,1333.81,0,63183.81,488.44,2003.85,0,2492.29,60691.52,PAID
EMP0077,2026-08,44100,9635,0,1076,0,54811,699.66,1696.15,0,2395.81,52415.19,PAID
EMP0078,2026-08,49700,9784,0,896.03,0,60380.03,179.21,0,7336,7515.21,52864.82,PAID
EMP0079,2026-08,53500,11878,0,2366.35,0,67744.35,938.82,0,0,938.82,66805.53,PAID
EMP0080,2026-08,53200,9554,0,204.62,0,62958.62,400.71,4092.31,0,4493.02,58465.6,PAID
EMP0081,2026-08,48200,9278,0,2126.13,0,59604.13,220.14,11123.08,0,11343.22,48260.91,PAID
EMP0082,2026-08,47300,9923,0,750.43,0,57973.43,272.88,10915.38,4958,16146.26,41827.17,PAID
EMP0083,2026-08,191100,10492,0,3215.63,0,204807.63,321.56,7350,0,7671.56,197136.07,PAID
EMP0084,2026-08,150200,12406,0,4657.64,0,167263.64,3923.49,5776.92,0,9700.41,157563.23,PAID
EMP0085,2026-08,72800,9989,0,2546.25,0,85335.25,670.83,11200,0,11870.83,73464.42,PAID
EMP0086,2026-08,77700,8358,0,2895.07,0,88953.07,348.65,2988.46,0,3337.11,85615.96,PAID
EMP0087,2026-08,66000,10775,0,364.9,0,77139.9,777.4,5076.92,0,5854.32,71285.58,PAID
EMP0088,2026-08,72800,10923,0,2345,0,86068,420,2800,0,3220,82848,PAID
EMP0089,2026-08,76400,10178,0,615.24,0,87193.24,930.51,5876.92,0,6807.43,80385.81,PAID
EMP0090,2026-08,78200,9269,0,1898.61,0,89367.61,1065.22,3007.69,0,4072.91,85294.7,PAID
EMP0091,2026-08,234900,10011,0,7142.99,0,252053.99,1524.59,9034.62,0,10559.21,241494.78,PAID
EMP0092,2026-08,149500,10500,0,5660.16,5517,171177.16,167.71,0,0,167.71,171009.45,PAID
EMP0093,2026-08,71400,9975,0,1742.09,0,83117.09,577.84,5492.31,0,6070.15,77046.94,PAID
EMP0094,2026-08,68500,10127,0,633.95,0,79260.95,395.19,7903.85,0,8299.04,70961.91,PAID
EMP0095,2026-08,74400,9385,0,1663.27,0,85448.27,381.54,0,0,381.54,85066.73,PAID
EMP0096,2026-08,74400,9413,0,4265.48,0,88078.48,691.54,8584.62,0,9276.16,78802.32,PAID
EMP0097,2026-08,80000,10736,0,2096.15,0,92832.15,1025.64,9230.77,0,10256.41,82575.74,PAID
EMP0098,2026-08,80000,11209,0,1500,0,92709,0,3076.92,0,3076.92,89632.08,PAID
EMP0099,2026-08,73300,9432,0,405.26,0,83137.26,704.81,5638.46,0,6343.27,76793.99,PAID
EMP0100,2026-08,79700,11698,0,0,0,91398,753.57,3065.38,0,3818.95,87579.05,PAID
EMP0001,2026-09,423400,10834,0,5496.06,0,439730.06,3697.96,0,0,3697.96,436032.1,CALCULATED
EMP0002,2026-09,189600,10939,0,3418.27,0,203957.27,1519.23,14584.62,0,16103.85,187853.42,REVIEWED
EMP0003,2026-09,58700,9613,0,0,0,68313,155.22,6773.08,0,6928.3,61384.7,APPROVED
EMP0004,2026-09,49300,11094,0,177.76,0,60571.76,0,0,0,0,60571.76,APPROVED
EMP0005,2026-09,59300,11247,0,0,0,70547,475.16,0,0,475.16,70071.84,CALCULATED
EMP0006,2026-09,51700,11215,0,0,15625,78540,182.28,3976.92,0,4159.2,74380.8,REVIEWED
EMP0007,2026-09,60900,11094,0,871.05,0,72865.05,87.84,2342.31,0,2430.15,70434.9,APPROVED
EMP0008,2026-09,53500,10889,0,707.33,0,65096.33,355.81,0,0,355.81,64740.52,APPROVED
EMP0009,2026-09,205600,10481,0,642.5,0,216723.5,724.87,7907.69,0,8632.56,208090.94,APPROVED
EMP0010,2026-09,95600,12213,6933,965.19,0,115711.19,245.13,0,0,245.13,115466.06,APPROVED
EMP0011,2026-09,99200,11191,5142,310,0,115843,620,0,5881,6501,109342,APPROVED
EMP0012,2026-09,108400,10232,6413,351.78,0,125396.78,460.35,4169.23,0,4629.58,120767.2,APPROVED
EMP0013,2026-09,91000,8786,6448,0,0,106234,430.21,3500,0,3930.21,102303.79,APPROVED
EMP0014,2026-09,84800,9479,6390,1569.62,10434,112672.62,896.92,3261.54,0,4158.46,108514.16,CALCULATED
EMP0015,2026-09,77100,9076,6881,1630.96,0,94687.96,531.3,2965.38,0,3496.68,91191.28,APPROVED
EMP0016,2026-09,76500,9836,4493,0,0,90829,128.73,2942.31,3033,6104.04,84724.96,REVIEWED
EMP0017,2026-09,61700,11169,5560,170.56,0,78599.56,761.36,2373.08,0,3134.44,75465.12,CALCULATED
EMP0018,2026-09,57200,9198,5160,275,0,71833,229.17,0,0,229.17,71603.83,REVIEWED
EMP0019,2026-09,56400,9804,4389,1586.25,0,72179.25,103.94,0,0,103.94,72075.31,APPROVED
EMP0020,2026-09,63500,10463,5579,2159.92,0,81701.92,0,0,3626,3626,78075.92,CALCULATED
EMP0021,2026-09,60100,11548,5742,310.61,0,77700.61,351.55,4623.08,2493,7467.63,70232.98,REVIEWED
EMP0022,2026-09,56800,9359,6422,197.98,18387,91165.98,0,0,4986,4986,86179.98,CALCULATED
EMP0023,2026-09,61100,10886,6276,932.66,18456,97650.66,205.63,0,0,205.63,97445.03,APPROVED
EMP0024,2026-09,57000,8519,4624,904.33,0,71047.33,77.64,0,0,77.64,70969.69,APPROVED
EMP0025,2026-09,63600,12557,6778,0,0,82935,305.77,0,0,305.77,82629.23,APPROVED
EMP0026,2026-09,51900,9965,4442,1696.73,0,68003.73,166.35,1996.15,5107,7269.5,60734.23,APPROVED
EMP0027,2026-09,63500,11730,5085,1564.6,0,81879.6,193.35,0,0,193.35,81686.25,APPROVED
EMP0028,2026-09,59200,11564,5231,320.19,0,76315.19,441.15,0,0,441.15,75874.04,APPROVED
EMP0029,2026-09,63500,10400,5770,1679.09,0,81349.09,142.47,0,0,142.47,81206.62,CALCULATED
EMP0030,2026-09,59500,10735,4854,765.2,0,75854.2,686.54,0,4096,4782.54,71071.66,REVIEWED
EMP0031,2026-09,64900,12564,6428,834.65,0,84726.65,0,0,0,0,84726.65,APPROVED
EMP0032,2026-09,64500,8815,5528,1348.92,0,80191.92,837.26,0,0,837.26,79354.66,REVIEWED
EMP0033,2026-09,57000,10899,5964,582.33,0,74445.33,566.35,2192.31,0,2758.66,71686.67,APPROVED
EMP0034,2026-09,62600,10812,6776,0,0,80188,616.97,0,3373,3989.97,76198.03,REVIEWED
EMP0035,2026-09,58400,11615,5016,730,0,75761,79.55,2246.15,0,2325.7,73435.3,REVIEWED
EMP0036,2026-09,53600,10038,4117,470.29,0,68225.29,322.12,0,0,322.12,67903.17,REVIEWED
EMP0037,2026-09,40000,11153,4136,1028.85,0,56317.85,48.08,0,0,48.08,56269.77,CALCULATED
EMP0038,2026-09,43400,11572,4432,88.68,0,59492.68,93.89,0,0,93.89,59398.79,REVIEWED
EMP0039,2026-09,40900,10610,4858,0,0,56368,203.19,0,0,203.19,56164.81,APPROVED
EMP0040,2026-09,39600,9366,4992,509.28,10352,64819.28,374.42,1523.08,0,1897.5,62921.78,APPROVED
EMP0041,2026-09,45900,11582,5864,0,0,63346,0,0,0,0,63346,APPROVED
EMP0042,2026-09,42300,10275,6024,0,0,58599,284.71,3253.85,0,3538.56,55060.44,REVIEWED
EMP0043,2026-09,45500,10742,5230,426.56,0,61898.56,0,0,0,0,61898.56,REVIEWED
EMP0044,2026-09,41000,10285,4712,492.79,0,56489.79,275.96,1576.92,0,1852.88,54636.91,APPROVED
EMP0045,2026-09,39200,9865,4905,749.13,0,54719.13,97.37,1507.69,0,1605.06,53114.07,CALCULATED
EMP0046,2026-09,41400,11330,6737,328.41,0,59795.41,212.31,0,0,212.31,59583.1,APPROVED
EMP0047,2026-09,29900,10943,6674,305.47,0,47822.47,153.33,0,0,153.33,47669.14,APPROVED
EMP0048,2026-09,32600,10583,4417,109.71,0,47709.71,39.18,0,0,39.18,47670.53,APPROVED
EMP0049,2026-09,185500,9610,0,1716.77,0,196826.77,2170.11,7134.62,0,9304.73,187522.04,REVIEWED
EMP0050,2026-09,86500,9843,5740,727.76,0,102810.76,568.35,3326.92,0,3895.27,98915.49,CALCULATED
EMP0051,2026-09,94900,8899,6037,422.03,0,110258.03,950.52,3650,0,4600.52,105657.51,REVIEWED
EMP0052,2026-09,53000,10795,5363,0,0,69158,72.2,0,0,72.2,69085.8,CALCULATED
EMP0053,2026-09,49600,10192,5431,0,0,65223,413.33,0,0,413.33,64809.67,APPROVED
EMP0054,2026-09,52200,11544,6715,1273.63,0,71732.63,0,2007.69,0,2007.69,69724.94,CALCULATED
EMP0055,2026-09,59100,11040,4938,2067.08,0,77145.08,383.58,0,0,383.58,76761.5,REVIEWED
EMP0056,2026-09,53200,10319,5499,0,0,69018,221.67,2046.15,0,2267.82,66750.18,REVIEWED
EMP0057,2026-09,52200,11976,5545,702.69,0,70423.69,150.58,2007.69,6375,8533.27,61890.42,REVIEWED
EMP0058,2026-09,58200,9077,6485,237.84,0,73999.84,163.22,0,0,163.22,73836.62,APPROVED
EMP0059,2026-09,57900,9200,5222,897.73,0,73219.73,129.9,6680.77,2992,9802.67,63417.06,REVIEWED
EMP0060,2026-09,55100,10857,6335,0,0,72292,0,4238.46,0,4238.46,68053.54,APPROVED
EMP0061,2026-09,185200,10584,0,4318.37,0,200102.37,2225.96,14246.15,0,16472.11,183630.26,REVIEWED
EMP0062,2026-09,93500,8061,5937,280.95,0,107778.95,1603.29,3596.15,5803,11002.44,96776.51,CALCULATED
EMP0063,2026-09,111100,10400,4619,0,0,126119,1308.63,0,0,1308.63,124810.37,CALCULATED
EMP0064,2026-09,55300,11272,6587,0,0,73159,0,0,0,0,73159,REVIEWED
EMP0065,2026-09,67000,11727,6652,805.29,0,86184.29,590.54,0,7794,8384.54,77799.75,CALCULATED
EMP0066,2026-09,53200,10868,4287,0,0,68355,439.07,2046.15,0,2485.22,65869.78,REVIEWED
EMP0067,2026-09,61100,11223,4929,0,0,77252,117.5,0,0,117.5,77134.5,CALCULATED
EMP0068,2026-09,52900,12367,5388,0,0,70655,203.46,0,0,203.46,70451.54,CALCULATED
EMP0069,2026-09,65300,11022,4697,0,0,81019,470.91,0,0,470.91,80548.09,REVIEWED
EMP0070,2026-09,62900,12289,5768,831.61,0,81788.61,690.49,0,0,690.49,81098.12,CALCULATED
EMP0071,2026-09,189900,11112,0,2761.77,16518,220291.77,1262.96,0,0,1262.96,219028.81,APPROVED
EMP0072,2026-09,99500,10549,0,1040.44,0,111089.44,191.35,7653.85,0,7845.2,103244.24,APPROVED
EMP0073,2026-09,92600,11289,0,1825.29,0,105714.29,326.47,3561.54,0,3888.01,101826.28,REVIEWED
EMP0074,2026-09,48200,9105,0,0,0,57305,119.73,1853.85,6892,8865.58,48439.42,REVIEWED
EMP0075,2026-09,51100,10190,0,171.97,0,61461.97,171.97,0,0,171.97,61290,APPROVED
EMP0076,2026-09,52100,11624,0,0,0,63724,200.38,2003.85,3467,5671.23,58052.77,CALCULATED
EMP0077,2026-09,44100,12450,0,0,0,56550,0,1696.15,0,1696.15,54853.85,REVIEWED
EMP0078,2026-09,49700,10685,0,0,0,60385,0,0,0,0,60385,REVIEWED
EMP0079,2026-09,53500,9407,0,945.25,0,63852.25,647.32,2057.69,0,2705.01,61147.24,APPROVED
EMP0080,2026-09,53200,12374,0,530.72,0,66104.72,865.35,0,0,865.35,65239.37,APPROVED
EMP0081,2026-09,48200,10170,0,567.74,0,58937.74,243.32,1853.85,0,2097.17,56840.57,REVIEWED
EMP0082,2026-09,47300,11112,0,432.07,0,58844.07,75.8,1819.23,0,1895.03,56949.04,APPROVED
EMP0083,2026-09,191100,9681,0,1699.69,0,202480.69,0,0,0,0,202480.69,REVIEWED
EMP0084,2026-09,150200,10838,0,3520.31,0,164558.31,0,5776.92,0,5776.92,158781.39,REVIEWED
EMP0085,2026-09,72800,12350,0,0,0,85150,735,0,0,735,84415,REVIEWED
EMP0086,2026-09,77700,10998,0,681.74,0,89379.74,80.94,0,2559,2639.94,86739.8,CALCULATED
EMP0087,2026-09,66000,12301,0,182.45,0,78483.45,243.27,5076.92,0,5320.19,73163.26,CALCULATED
EMP0088,2026-09,72800,10436,0,726.25,0,83962.25,268.33,2800,0,3068.33,80893.92,CALCULATED
EMP0089,2026-09,76400,11032,0,440.77,0,87872.77,655.03,2938.46,6661,10254.49,77618.28,CALCULATED
EMP0090,2026-09,78200,9786,0,1757.62,0,89743.62,375.96,3007.69,0,3383.65,86359.97,APPROVED
EMP0091,2026-09,234900,10308,0,0,0,245208,790.53,0,0,790.53,244417.47,REVIEWED
EMP0092,2026-09,149500,9073,0,0,0,158573,718.75,0,0,718.75,157854.25,APPROVED
EMP0093,2026-09,71400,8633,0,240.29,0,80273.29,205.96,2746.15,0,2952.11,77321.18,CALCULATED
EMP0094,2026-09,68500,10790,0,979.75,0,80269.75,483.01,2634.62,0,3117.63,77152.12,APPROVED
EMP0095,2026-09,74400,10801,0,849.52,0,86050.52,0,2861.54,4186,7047.54,79002.98,APPROVED
EMP0096,2026-09,74400,8757,0,0,0,83157,733.27,2861.54,0,3594.81,79562.19,CALCULATED
EMP0097,2026-09,80000,11065,0,1826.92,0,92891.92,294.87,0,0,294.87,92597.05,CALCULATED
EMP0098,2026-09,80000,12814,0,923.08,0,93737.08,0,0,0,0,93737.08,APPROVED
EMP0099,2026-09,73300,9582,0,1541.77,0,84423.77,70.48,0,2360,2430.48,81993.29,REVIEWED
EMP0100,2026-09,79700,10220,0,1044.15,0,90964.15,715.26,3065.38,0,3780.64,87183.51,CALCULATED