employee_code,period,kpi_score,manager_score,final_score,rating,status
EMP0001,2025-10,84.22,80.03,82.96,Very Good,FINALIZED
EMP0002,2025-10,86.86,85.46,86.44,Very Good,FINALIZED
EMP0003,2025-10,86.52,89.11,87.3,Very Good,FINALIZED
EMP0004,2025-10,96.61,100,97.63,Outstanding,FINALIZED
EMP0005,2025-10,80.28,77.09,79.32,Good,FINALIZED
EMP0007,2025-10,104.63,100,103.24,Outstanding,FINALIZED
EMP0008,2025-10,82.14,83.75,82.62,Very Good,FINALIZED
EMP0009,2025-10,85.54,82.92,84.75,Very Good,FINALIZED
EMP0010,2025-10,71.95,77.05,73.48,Good,FINALIZED
EMP0011,2025-10,92.48,93.88,92.9,Outstanding,FINALIZED
EMP0012,2025-10,93.47,94.75,93.85,Outstanding,FINALIZED
EMP0013,2025-10,105.79,100,104.05,Outstanding,FINALIZED
EMP0014,2025-10,78.18,70.89,75.99,Good,FINALIZED
EMP0015,2025-10,92.28,91.84,92.15,Outstanding,FINALIZED
EMP0016,2025-10,83.96,89.42,85.6,Very Good,FINALIZED
EMP0017,2025-10,88.24,84.56,87.14,Very Good,FINALIZED
EMP0018,2025-10,87.2,91.27,88.42,Very Good,FINALIZED
EMP0019,2025-10,96.05,94.39,95.55,Outstanding,FINALIZED
EMP0020,2025-10,90.89,88.49,90.17,Outstanding,FINALIZED
EMP0022,2025-10,91.97,88.7,90.99,Outstanding,FINALIZED
EMP0023,2025-10,112.48,100,108.74,Outstanding,FINALIZED
EMP0024,2025-10,92.72,95.4,93.52,Outstanding,FINALIZED
EMP0025,2025-10,91.63,93.45,92.18,Outstanding,FINALIZED
EMP0026,2025-10,106.8,100,104.76,Outstanding,FINALIZED
EMP0027,2025-10,111.47,100,108.03,Outstanding,FINALIZED
EMP0028,2025-10,86.89,81.47,85.26,Very Good,FINALIZED
EMP0030,2025-10,78.28,78.09,78.22,Good,FINALIZED
EMP0031,2025-10,93.93,98.29,95.24,Outstanding,FINALIZED
EMP0032,2025-10,108.01,100,105.61,Outstanding,FINALIZED
EMP0033,2025-10,87.83,92.44,89.21,Very Good,FINALIZED
EMP0034,2025-10,91.3,92.2,91.57,Outstanding,FINALIZED
EMP0035,2025-10,73.68,69.63,72.47,Good,FINALIZED
EMP0037,2025-10,96.68,99.02,97.38,Outstanding,FINALIZED
EMP0038,2025-10,91.06,93.99,91.94,Outstanding,FINALIZED
EMP0039,2025-10,91.31,90.75,91.14,Outstanding,FINALIZED
EMP0040,2025-10,85.69,82.8,84.82,Very Good,FINALIZED
EMP0041,2025-10,87.5,92.93,89.13,Very Good,FINALIZED
EMP0042,2025-10,84.91,82.97,84.33,Very Good,FINALIZED
EMP0043,2025-10,93.35,98.59,94.92,Outstanding,FINALIZED
EMP0044,2025-10,106.69,100,104.68,Outstanding,FINALIZED
EMP0045,2025-10,87.95,80.57,85.74,Very Good,FINALIZED
EMP0046,2025-10,78.5,84.19,80.21,Very Good,FINALIZED
EMP0047,2025-10,91.84,89.86,91.25,Outstanding,FINALIZED
EMP0049,2025-10,66.88,70.97,68.11,Satisfactory,FINALIZED
EMP0050,2025-10,76.92,81.38,78.26,Good,FINALIZED
EMP0051,2025-10,70.57,66.99,69.5,Satisfactory,FINALIZED
EMP0052,2025-10,79.53,74.21,77.93,Good,FINALIZED
EMP0054,2025-10,76.92,74.62,76.23,Good,FINALIZED
EMP0055,2025-10,78.02,71.8,76.15,Good,FINALIZED
EMP0057,2025-10,74.54,68.15,72.62,Good,FINALIZED
EMP0059,2025-10,68.89,62.14,66.86,Satisfactory,FINALIZED
EMP0061,2025-10,78.53,73.28,76.96,Good,FINALIZED
EMP0062,2025-10,72.57,66.6,70.78,Good,FINALIZED
EMP0063,2025-10,70.7,74.2,71.75,Good,FINALIZED
EMP0064,2025-10,78.72,78.52,78.66,Good,FINALIZED
EMP0065,2025-10,98.53,96.35,97.88,Outstanding,FINALIZED
EMP0066,2025-10,62.47,55.08,60.25,Satisfactory,FINALIZED
EMP0067,2025-10,92.21,95.52,93.2,Outstanding,FINALIZED
EMP0068,2025-10,84.79,79.87,83.31,Very Good,FINALIZED
EMP0069,2025-10,79.81,74.9,78.34,Good,FINALIZED
EMP0070,2025-10,79.61,79.89,79.69,Good,FINALIZED
EMP0071,2025-10,80.38,80.05,80.28,Very Good,FINALIZED
EMP0072,2025-10,63.75,60.75,62.85,Satisfactory,FINALIZED
EMP0073,2025-10,84.79,86.76,85.38,Very Good,FINALIZED
EMP0075,2025-10,76.9,69.69,74.74,Good,FINALIZED
EMP0076,2025-10,78.72,73.58,77.18,Good,FINALIZED
EMP0077,2025-10,80.79,85.06,82.07,Very Good,FINALIZED
EMP0078,2025-10,88.91,84.26,87.52,Very Good,FINALIZED
EMP0079,2025-10,76.12,80.4,77.4,Good,FINALIZED
EMP0080,2025-10,97.65,100,98.36,Outstanding,FINALIZED
EMP0082,2025-10,84.53,83.15,84.12,Very Good,FINALIZED
EMP0083,2025-10,85.43,88.91,86.47,Very Good,FINALIZED
EMP0084,2025-10,82.06,85.43,83.07,Very Good,FINALIZED
EMP0085,2025-10,84.69,77.36,82.49,Very Good,FINALIZED
EMP0086,2025-10,86.21,90.52,87.5,Very Good,FINALIZED
EMP0087,2025-10,83.31,76.76,81.35,Very Good,FINALIZED
EMP0089,2025-10,81.96,77.72,80.69,Very Good,FINALIZED
EMP0091,2025-10,70.61,74.86,71.88,Good,FINALIZED
EMP0092,2025-10,85.76,81.8,84.57,Very Good,FINALIZED
EMP0093,2025-10,80.75,73.44,78.56,Good,FINALIZED
EMP0094,2025-10,77.32,82.8,78.96,Good,FINALIZED
EMP0095,2025-10,85.75,85.32,85.62,Very Good,FINALIZED
EMP0096,2025-10,89.49,83.92,87.82,Very Good,FINALIZED
EMP0097,2025-10,100.14,100,100.1,Outstanding,FINALIZED
EMP0098,2025-10,92.99,89.1,91.82,Outstanding,FINALIZED
EMP0100,2025-10,61.99,67.21,63.56,Satisfactory,FINALIZED
EMP0001,2025-11,74.98,70.16,73.53,Good,FINALIZED
EMP0002,2025-11,85.35,78.96,83.43,Very Good,FINALIZED
EMP0003,2025-11,85.62,84.62,85.32,Very Good,FINALIZED
EMP0004,2025-11,97.82,100,98.47,Outstanding,FINALIZED
EMP0005,2025-11,82.42,86.65,83.69,Very Good,FINALIZED
EMP0007,2025-11,103.42,100,102.39,Outstanding,FINALIZED
EMP0008,2025-11,84.86,89.87,86.36,Very Good,FINALIZED
EMP0009,2025-11,85.23,80.54,83.82,Very Good,FINALIZED
EMP0010,2025-11,78.33,80.44,78.96,Good,FINALIZED
EMP0011,2025-11,94.45,89.34,92.92,Outstanding,FINALIZED
EMP0012,2025-11,88.23,81.78,86.29,Very Good,FINALIZED
EMP0013,2025-11,109.62,100,106.73,Outstanding,FINALIZED
EMP0014,2025-11,85.47,87.51,86.08,Very Good,FINALIZED
EMP0015,2025-11,90.3,82.78,88.04,Very Good,FINALIZED
EMP0016,2025-11,84.04,79.99,82.83,Very Good,FINALIZED
EMP0017,2025-11,88.16,82.87,86.57,Very Good,FINALIZED
EMP0018,2025-11,86.46,86.31,86.42,Very Good,FINALIZED
EMP0019,2025-11,95.86,96.72,96.12,Outstanding,FINALIZED
EMP0020,2025-11,86.49,90.85,87.8,Very Good,FINALIZED
EMP0022,2025-11,91.48,96.81,93.08,Outstanding,FINALIZED
EMP0023,2025-11,110.42,100,107.29,Outstanding,FINALIZED
EMP0024,2025-11,93.55,95.68,94.19,Outstanding,FINALIZED
EMP0025,2025-11,85.1,83.29,84.56,Very Good,FINALIZED
EMP0026,2025-11,109.2,100,106.44,Outstanding,FINALIZED
EMP0027,2025-11,106.12,100,104.28,Outstanding,FINALIZED
EMP0028,2025-11,83.99,89.25,85.57,Very Good,FINALIZED
EMP0030,2025-11,78.79,76.41,78.08,Good,FINALIZED
EMP0031,2025-11,93.7,95.98,94.38,Outstanding,FINALIZED
EMP0032,2025-11,112.24,100,108.57,Outstanding,FINALIZED
EMP0033,2025-11,93.09,92.59,92.94,Outstanding,FINALIZED
EMP0034,2025-11,88.3,89.2,88.57,Very Good,FINALIZED
EMP0035,2025-11,82.83,82.52,82.74,Very Good,FINALIZED
EMP0037,2025-11,90.89,88.22,90.09,Outstanding,FINALIZED
EMP0038,2025-11,89.43,82.8,87.44,Very Good,FINALIZED
EMP0039,2025-11,90.96,95.52,92.33,Outstanding,FINALIZED
EMP0040,2025-11,90.47,94.04,91.54,Outstanding,FINALIZED
EMP0041,2025-11,89.36,82.82,87.4,Very Good,FINALIZED
EMP0042,2025-11,85.96,81.42,84.6,Very Good,FINALIZED
EMP0043,2025-11,92.85,97.8,94.33,Outstanding,FINALIZED
EMP0044,2025-11,114.46,100,110.12,Outstanding,FINALIZED
EMP0045,2025-11,86.7,81.31,85.08,Very Good,FINALIZED
EMP0046,2025-11,82.12,78.3,80.97,Very Good,FINALIZED
EMP0047,2025-11,90.11,93,90.98,Outstanding,FINALIZED
EMP0049,2025-11,67,65.78,66.63,Satisfactory,FINALIZED
EMP0050,2025-11,74.14,70.74,73.12,Good,FINALIZED
EMP0051,2025-11,71.22,73.03,71.76,Good,FINALIZED
EMP0052,2025-11,73.01,73.44,73.14,Good,FINALIZED
EMP0054,2025-11,75.99,72.22,74.86,Good,FINALIZED
EMP0055,2025-11,75.99,77.78,76.53,Good,FINALIZED
EMP0057,2025-11,78.77,76.77,78.17,Good,FINALIZED
EMP0059,2025-11,75.99,79.83,77.14,Good,FINALIZED
EMP0061,2025-11,80.1,84.67,81.47,Very Good,FINALIZED
EMP0062,2025-11,76.1,76.81,76.31,Good,FINALIZED
EMP0063,2025-11,74.72,69.26,73.08,Good,FINALIZED
EMP0064,2025-11,79.88,73.18,77.87,Good,FINALIZED
EMP0065,2025-11,98.76,100,99.13,Outstanding,FINALIZED
EMP0066,2025-11,69.43,66.01,68.4,Satisfactory,FINALIZED
EMP0067,2025-11,90.38,82.58,88.04,Very Good,FINALIZED
EMP0068,2025-11,86.04,78.51,83.78,Very Good,FINALIZED
EMP0069,2025-11,85.28,81.94,84.28,Very Good,FINALIZED
EMP0070,2025-11,76.76,77.67,77.03,Good,FINALIZED
EMP0071,2025-11,80.38,82.87,81.13,Very Good,FINALIZED
EMP0072,2025-11,64.46,62.24,63.79,Satisfactory,FINALIZED
EMP0073,2025-11,82.5,79.8,81.69,Very Good,FINALIZED
EMP0075,2025-11,87.84,91.97,89.08,Very Good,FINALIZED
EMP0076,2025-11,83.24,82.04,82.88,Very Good,FINALIZED
EMP0077,2025-11,74.3,76.59,74.99,Good,FINALIZED
EMP0078,2025-11,85.95,84.41,85.49,Very Good,FINALIZED
EMP0079,2025-11,72.82,74.06,73.19,Good,FINALIZED
EMP0080,2025-11,96.84,94.08,96.01,Outstanding,FINALIZED
EMP0082,2025-11,89.26,82.67,87.28,Very Good,FINALIZED
EMP0083,2025-11,81.71,82.74,82.02,Very Good,FINALIZED
EMP0084,2025-11,76.53,70.56,74.74,Good,FINALIZED
EMP0085,2025-11,78.64,75.19,77.6,Good,FINALIZED
EMP0086,2025-11,86.78,84.34,86.05,Very Good,FINALIZED
EMP0087,2025-11,94.03,91.92,93.4,Outstanding,FINALIZED
EMP0089,2025-11,80.35,83.19,81.2,Very Good,FINALIZED
EMP0091,2025-11,71.57,75.34,72.7,Good,FINALIZED
EMP0092,2025-11,85.52,86.09,85.69,Very Good,FINALIZED
EMP0093,2025-11,84.2,88.53,85.5,Very Good,FINALIZED
EMP0094,2025-11,77.8,80.54,78.62,Good,FINALIZED
EMP0095,2025-11,83.32,88.29,84.81,Very Good,FINALIZED
EMP0096,2025-11,91.72,86.26,90.08,Outstanding,FINALIZED
EMP0097,2025-11,96.6,94.79,96.06,Outstanding,FINALIZED
EMP0098,2025-11,90.55,95.02,91.89,Outstanding,FINALIZED
EMP0100,2025-11,60.1,65.99,61.87,Satisfactory,FINALIZED
EMP0001,2025-12,80.52,74.81,78.81,Good,FINALIZED
EMP0002,2025-12,85.5,87.96,86.24,Very Good,FINALIZED
EMP0003,2025-12,85.42,81.06,84.11,Very Good,FINALIZED
EMP0004,2025-12,96.01,88.86,93.87,Outstanding,FINALIZED
EMP0005,2025-12,80.82,82.08,81.2,Very Good,FINALIZED
EMP0007,2025-12,105.4,100,103.78,Outstanding,FINALIZED
EMP0008,2025-12,84.16,77.48,82.16,Very Good,FINALIZED
EMP0009,2025-12,82.95,79.09,81.79,Very Good,FINALIZED
EMP0010,2025-12,75.13,80.67,76.79,Good,FINALIZED
EMP0011,2025-12,93.34,87.22,91.5,Outstanding,FINALIZED
EMP0012,2025-12,91.26,96.73,92.9,Outstanding,FINALIZED
EMP0013,2025-12,107.47,100,105.23,Outstanding,FINALIZED
EMP0014,2025-12,84.35,78.92,82.72,Very Good,FINALIZED
EMP0015,2025-12,90.12,88.04,89.5,Very Good,FINALIZED
EMP0016,2025-12,88.71,85.54,87.76,Very Good,FINALIZED
EMP0017,2025-12,84.59,86.65,85.21,Very Good,FINALIZED
EMP0018,2025-12,83.66,82.76,83.39,Very Good,FINALIZED
EMP0019,2025-12,89.73,93.19,90.77,Outstanding,FINALIZED
EMP0020,2025-12,87.45,82.24,85.89,Very Good,FINALIZED
EMP0022,2025-12,87.41,85.54,86.85,Very Good,FINALIZED
EMP0023,2025-12,109.01,100,106.31,Outstanding,FINALIZED
EMP0024,2025-12,92.38,95.52,93.32,Outstanding,FINALIZED
EMP0025,2025-12,89.5,86.47,88.59,Very Good,FINALIZED
EMP0026,2025-12,104.64,100,103.25,Outstanding,FINALIZED
EMP0027,2025-12,106.78,100,104.75,Outstanding,FINALIZED
EMP0028,2025-12,93.83,93.98,93.88,Outstanding,FINALIZED
EMP0029,2025-12,78.87,81.94,79.79,Good,FINALIZED
EMP0030,2025-12,79.08,84.42,80.68,Very Good,FINALIZED
EMP0031,2025-12,90.43,88.99,90,Outstanding,FINALIZED
EMP0032,2025-12,109.75,100,106.82,Outstanding,FINALIZED
EMP0033,2025-12,84.23,89.48,85.81,Very Good,FINALIZED
EMP0034,2025-12,92.06,89.82,91.39,Outstanding,FINALIZED
EMP0035,2025-12,78.09,79.17,78.41,Good,FINALIZED
EMP0037,2025-12,91.58,83.64,89.2,Very Good,FINALIZED
EMP0038,2025-12,93.57,92.79,93.34,Outstanding,FINALIZED
EMP0039,2025-12,93.29,90.63,92.49,Outstanding,FINALIZED
EMP0040,2025-12,89.21,89.54,89.31,Very Good,FINALIZED
EMP0041,2025-12,87.29,88.5,87.65,Very Good,FINALIZED
EMP0042,2025-12,85.86,91.5,87.55,Very Good,FINALIZED
EMP0043,2025-12,94.11,89.73,92.8,Outstanding,FINALIZED
EMP0044,2025-12,111.69,100,108.18,Outstanding,FINALIZED
EMP0045,2025-12,85.94,80.8,84.4,Very Good,FINALIZED
EMP0046,2025-12,75.33,71.49,74.18,Good,FINALIZED
EMP0047,2025-12,90.09,91.07,90.38,Outstanding,FINALIZED
EMP0049,2025-12,67.61,69.36,68.13,Satisfactory,FINALIZED
EMP0050,2025-12,69.37,66.03,68.37,Satisfactory,FINALIZED
EMP0051,2025-12,74.79,72.23,74.02,Good,FINALIZED
EMP0052,2025-12,78.38,83.13,79.8,Good,FINALIZED
EMP0054,2025-12,69.53,62.16,67.32,Satisfactory,FINALIZED
EMP0055,2025-12,73.7,76.47,74.53,Good,FINALIZED
EMP0057,2025-12,76.75,72.05,75.34,Good,FINALIZED
EMP0059,2025-12,76.72,80.46,77.84,Good,FINALIZED
EMP0061,2025-12,77.48,69.62,75.12,Good,FINALIZED
EMP0062,2025-12,77.01,76.92,76.98,Good,FINALIZED
EMP0063,2025-12,75.23,77.59,75.94,Good,FINALIZED
EMP0064,2025-12,84.67,79.65,83.16,Very Good,FINALIZED
EMP0065,2025-12,95.54,87.83,93.23,Outstanding,FINALIZED
EMP0066,2025-12,64.29,58.35,62.51,Satisfactory,FINALIZED
EMP0067,2025-12,90.07,82.67,87.85,Very Good,FINALIZED
EMP0068,2025-12,84.54,83,84.08,Very Good,FINALIZED
EMP0069,2025-12,83.45,80.76,82.64,Very Good,FINALIZED
EMP0070,2025-12,76.88,74.31,76.11,Good,FINALIZED
EMP0071,2025-12,82.57,87.53,84.06,Very Good,FINALIZED
EMP0072,2025-12,64.18,63.35,63.93,Satisfactory,FINALIZED
EMP0073,2025-12,76.43,68.8,74.14,Good,FINALIZED
EMP0075,2025-12,81.3,79.6,80.79,Very Good,FINALIZED
EMP0076,2025-12,82.87,83.87,83.17,Very Good,FINALIZED
EMP0077,2025-12,82.45,88.17,84.17,Very Good,FINALIZED
EMP0078,2025-12,85.4,78.5,83.33,Very Good,FINALIZED
EMP0079,2025-12,84.85,83.77,84.53,Very Good,FINALIZED
EMP0080,2025-12,100.26,94.5,98.53,Outstanding,FINALIZED
EMP0082,2025-12,76.56,73.01,75.5,Good,FINALIZED
EMP0083,2025-12,86.3,79.76,84.34,Very Good,FINALIZED
EMP0084,2025-12,74.18,74.13,74.16,Good,FINALIZED
EMP0085,2025-12,82.77,75.11,80.47,Very Good,FINALIZED
EMP0086,2025-12,88.14,92.96,89.59,Very Good,FINALIZED
EMP0087,2025-12,85.53,78.35,83.38,Very Good,FINALIZED
EMP0088,2025-12,87.58,80.86,85.56,Very Good,FINALIZED
EMP0089,2025-12,79.07,81.51,79.8,Good,FINALIZED
EMP0091,2025-12,71.34,71.45,71.37,Good,FINALIZED
EMP0092,2025-12,86.54,82.55,85.34,Very Good,FINALIZED
EMP0093,2025-12,86.44,84.21,85.77,Very Good,FINALIZED
EMP0094,2025-12,77.81,79.81,78.41,Good,FINALIZED
EMP0095,2025-12,83.52,86.29,84.35,Very Good,FINALIZED
EMP0096,2025-12,89.22,85.52,88.11,Very Good,FINALIZED
EMP0097,2025-12,99.58,100,99.71,Outstanding,FINALIZED
EMP0098,2025-12,93.78,86.06,91.46,Outstanding,FINALIZED
EMP0100,2025-12,58.03,57.59,57.9,Needs Improvement,FINALIZED
EMP0001,2026-01,78.82,81.89,79.74,Good,FINALIZED
EMP0002,2026-01,85.29,87.52,85.96,Very Good,FINALIZED
EMP0003,2026-01,92.61,86.7,90.84,Outstanding,FINALIZED
EMP0004,2026-01,93.62,85.86,91.29,Outstanding,FINALIZED
EMP0005,2026-01,88.69,94.32,90.38,Outstanding,FINALIZED
EMP0007,2026-01,106.72,100,104.7,Outstanding,FINALIZED
EMP0008,2026-01,90.93,90.84,90.9,Outstanding,FINALIZED
EMP0009,2026-01,85.1,82.95,84.46,Very Good,FINALIZED
EMP0010,2026-01,78.17,72.53,76.48,Good,FINALIZED
EMP0011,2026-01,91.04,94.04,91.94,Outstanding,FINALIZED
EMP0012,2026-01,91.88,94.8,92.76,Outstanding,FINALIZED
EMP0013,2026-01,107.11,100,104.98,Outstanding,FINALIZED
EMP0014,2026-01,85.42,79.91,83.77,Very Good,FINALIZED
EMP0015,2026-01,86.24,83.41,85.39,Very Good,FINALIZED
EMP0016,2026-01,89.43,87.31,88.79,Very Good,FINALIZED
EMP0017,2026-01,91.21,93.34,91.85,Outstanding,FINALIZED
EMP0018,2026-01,85.88,89.47,86.96,Very Good,FINALIZED
EMP0019,2026-01,95.35,96.78,95.78,Outstanding,FINALIZED
EMP0020,2026-01,92.11,93.77,92.61,Outstanding,FINALIZED
EMP0022,2026-01,92.48,92.72,92.55,Outstanding,FINALIZED
EMP0023,2026-01,113.86,100,109.7,Outstanding,FINALIZED
EMP0024,2026-01,89.07,87.58,88.62,Very Good,FINALIZED
EMP0025,2026-01,89.67,90.82,90.02,Outstanding,FINALIZED
EMP0026,2026-01,111.4,100,107.98,Outstanding,FINALIZED
EMP0027,2026-01,107.45,100,105.22,Outstanding,FINALIZED
EMP0028,2026-01,88.78,82.96,87.03,Very Good,FINALIZED
EMP0029,2026-01,76.64,73.1,75.58,Good,FINALIZED
EMP0030,2026-01,80.27,85.54,81.85,Very Good,FINALIZED
EMP0031,2026-01,92.55,98.12,94.22,Outstanding,FINALIZED
EMP0032,2026-01,107.11,100,104.98,Outstanding,FINALIZED
EMP0033,2026-01,87.8,84.45,86.79,Very Good,FINALIZED
EMP0034,2026-01,91.67,83.81,89.31,Very Good,FINALIZED
EMP0035,2026-01,78.54,83.43,80.01,Very Good,FINALIZED
EMP0037,2026-01,95.36,97.07,95.87,Outstanding,FINALIZED
EMP0038,2026-01,92.27,86.88,90.65,Outstanding,FINALIZED
EMP0039,2026-01,94.14,88.51,92.45,Outstanding,FINALIZED
EMP0040,2026-01,88.44,80.47,86.05,Very Good,FINALIZED
EMP0041,2026-01,90.59,90.23,90.48,Outstanding,FINALIZED
EMP0042,2026-01,83.54,88.89,85.15,Very Good,FINALIZED
EMP0043,2026-01,91.77,92.1,91.87,Outstanding,FINALIZED
EMP0044,2026-01,111.99,100,108.39,Outstanding,FINALIZED
EMP0045,2026-01,89.23,86.66,88.46,Very Good,FINALIZED
EMP0046,2026-01,79.05,74.65,77.73,Good,FINALIZED
EMP0047,2026-01,91.93,93.2,92.31,Outstanding,FINALIZED
EMP0049,2026-01,67.17,71.81,68.56,Satisfactory,FINALIZED
EMP0050,2026-01,79.22,77.39,78.67,Good,FINALIZED
EMP0051,2026-01,66.25,67.47,66.62,Satisfactory,FINALIZED
EMP0052,2026-01,71.94,68.58,70.93,Good,FINALIZED
EMP0054,2026-01,77.21,75.57,76.72,Good,FINALIZED
EMP0055,2026-01,76.72,81.88,78.27,Good,FINALIZED
EMP0057,2026-01,77.21,79.88,78.01,Good,FINALIZED
EMP0059,2026-01,76.72,76.62,76.69,Good,FINALIZED
EMP0061,2026-01,80.21,84.7,81.56,Very Good,FINALIZED
EMP0062,2026-01,66.2,61.49,64.79,Satisfactory,FINALIZED
EMP0063,2026-01,73.73,77.93,74.99,Good,FINALIZED
EMP0064,2026-01,81.6,78.47,80.66,Very Good,FINALIZED
EMP0065,2026-01,101.34,100,100.94,Outstanding,FINALIZED
EMP0066,2026-01,61.81,66.03,63.08,Satisfactory,FINALIZED
EMP0067,2026-01,89.44,84.4,87.93,Very Good,FINALIZED
EMP0068,2026-01,88.52,92.17,89.62,Very Good,FINALIZED
EMP0069,2026-01,88.76,88.91,88.81,Very Good,FINALIZED
EMP0070,2026-01,84.5,85.55,84.82,Very Good,FINALIZED
EMP0071,2026-01,85.8,84.94,85.54,Very Good,FINALIZED
EMP0072,2026-01,70.11,72.6,70.86,Good,FINALIZED
EMP0073,2026-01,80.61,73.82,78.57,Good,FINALIZED
EMP0075,2026-01,79.54,74.68,78.08,Good,FINALIZED
EMP0076,2026-01,79.91,78.02,79.34,Good,FINALIZED
EMP0077,2026-01,80.51,78.26,79.84,Good,FINALIZED
EMP0078,2026-01,88.24,83.61,86.85,Very Good,FINALIZED
EMP0079,2026-01,70.39,66.18,69.13,Satisfactory,FINALIZED
EMP0080,2026-01,95.39,99.31,96.57,Outstanding,FINALIZED
EMP0082,2026-01,74.64,72.98,74.14,Good,FINALIZED
EMP0083,2026-01,86.46,85.43,86.15,Very Good,FINALIZED
EMP0084,2026-01,79.5,80.29,79.74,Good,FINALIZED
EMP0085,2026-01,82.38,78.15,81.11,Very Good,FINALIZED
EMP0086,2026-01,90.18,86.43,89.06,Very Good,FINALIZED
EMP0087,2026-01,85.89,87.86,86.48,Very Good,FINALIZED
EMP0088,2026-01,82.2,80.88,81.8,Very Good,FINALIZED
EMP0089,2026-01,86.85,83.82,85.94,Very Good,FINALIZED
EMP0091,2026-01,73.36,72.89,73.22,Good,FINALIZED
EMP0092,2026-01,86.25,80.5,84.53,Very Good,FINALIZED
EMP0093,2026-01,81.59,85.07,82.63,Very Good,FINALIZED
EMP0094,2026-01,79.69,79.72,79.7,Good,FINALIZED
EMP0095,2026-01,86.67,85.03,86.18,Very Good,FINALIZED
EMP0096,2026-01,96.89,96.12,96.66,Outstanding,FINALIZED
EMP0097,2026-01,94.18,96.92,95,Outstanding,FINALIZED
EMP0098,2026-01,96.27,93.07,95.31,Outstanding,FINALIZED
EMP0100,2026-01,63.51,56.58,61.43,Satisfactory,FINALIZED
EMP0001,2026-02,82.73,81.36,82.32,Very Good,FINALIZED
EMP0002,2026-02,84.18,77.56,82.19,Very Good,FINALIZED
EMP0003,2026-02,93.83,95.47,94.32,Outstanding,FINALIZED
EMP0004,2026-02,98.48,90.93,96.21,Outstanding,FINALIZED
EMP0005,2026-02,81.94,80.23,81.43,Very Good,FINALIZED
EMP0007,2026-02,103.8,100,102.66,Outstanding,FINALIZED
EMP0008,2026-02,79.35,85.12,81.08,Very Good,FINALIZED
EMP0009,2026-02,82.96,75.21,80.63,Very Good,FINALIZED
EMP0010,2026-02,79.68,82.43,80.51,Very Good,FINALIZED
EMP0011,2026-02,94.88,100,96.42,Outstanding,FINALIZED
EMP0012,2026-02,93.31,98.37,94.83,Outstanding,FINALIZED
EMP0013,2026-02,108.93,100,106.25,Outstanding,FINALIZED
EMP0014,2026-02,85.83,91.2,87.44,Very Good,FINALIZED
EMP0015,2026-02,84.29,85.29,84.59,Very Good,FINALIZED
EMP0016,2026-02,84.93,90.42,86.58,Very Good,FINALIZED
EMP0017,2026-02,86.75,88.37,87.24,Very Good,FINALIZED
EMP0018,2026-02,84.57,82.34,83.9,Very Good,FINALIZED
EMP0019,2026-02,96.53,92.22,95.24,Outstanding,FINALIZED
EMP0020,2026-02,91.3,83.71,89.02,Very Good,FINALIZED
EMP0021,2026-02,105.83,100,104.08,Outstanding,FINALIZED
EMP0022,2026-02,92.52,91.09,92.09,Outstanding,FINALIZED
EMP0023,2026-02,108.79,100,106.15,Outstanding,FINALIZED
EMP0024,2026-02,94.67,92.7,94.08,Outstanding,FINALIZED
EMP0025,2026-02,89.87,94.61,91.29,Outstanding,FINALIZED
EMP0026,2026-02,110.42,100,107.29,Outstanding,FINALIZED
EMP0027,2026-02,109.81,100,106.87,Outstanding,FINALIZED
EMP0028,2026-02,90.79,94.64,91.95,Outstanding,FINALIZED
EMP0029,2026-02,78.59,80.99,79.31,Good,FINALIZED
EMP0030,2026-02,76.52,78.85,77.22,Good,FINALIZED
EMP0031,2026-02,93.98,87.62,92.07,Outstanding,FINALIZED
EMP0032,2026-02,110.59,100,107.41,Outstanding,FINALIZED
EMP0033,2026-02,82.76,85.1,83.46,Very Good,FINALIZED
EMP0034,2026-02,91.92,89.1,91.07,Outstanding,FINALIZED
EMP0035,2026-02,77.02,73.02,75.82,Good,FINALIZED
EMP0037,2026-02,96.46,98.57,97.09,Outstanding,FINALIZED
EMP0038,2026-02,92.58,95.79,93.54,Outstanding,FINALIZED
EMP0039,2026-02,89.89,92.76,90.75,Outstanding,FINALIZED
EMP0040,2026-02,84.73,85.32,84.91,Very Good,FINALIZED
EMP0041,2026-02,85.33,89.78,86.67,Very Good,FINALIZED
EMP0042,2026-02,87.27,83.59,86.17,Very Good,FINALIZED
EMP0043,2026-02,92.57,89.49,91.65,Outstanding,FINALIZED
EMP0044,2026-02,111.29,100,107.9,Outstanding,FINALIZED
EMP0045,2026-02,87.98,82.73,86.41,Very Good,FINALIZED
EMP0046,2026-02,82.15,87.03,83.61,Very Good,FINALIZED
EMP0047,2026-02,88.42,83.86,87.05,Very Good,FINALIZED
EMP0049,2026-02,65.96,66.75,66.2,Satisfactory,FINALIZED
EMP0050,2026-02,72.73,65.84,70.66,Good,FINALIZED
EMP0051,2026-02,75.23,76.03,75.47,Good,FINALIZED
EMP0052,2026-02,74.2,76.06,74.76,Good,FINALIZED
EMP0054,2026-02,76.58,74.96,76.09,Good,FINALIZED
EMP0055,2026-02,74.63,70.36,73.35,Good,FINALIZED
EMP0057,2026-02,74.2,72.6,73.72,Good,FINALIZED
EMP0059,2026-02,80.68,76.22,79.34,Good,FINALIZED
EMP0060,2026-02,76.91,71.73,75.36,Good,FINALIZED
EMP0061,2026-02,80.08,73.32,78.05,Good,FINALIZED
EMP0062,2026-02,70.82,65.13,69.11,Satisfactory,FINALIZED
EMP0063,2026-02,70.11,72.41,70.8,Good,FINALIZED
EMP0064,2026-02,82.18,78.93,81.21,Very Good,FINALIZED
EMP0065,2026-02,97.43,99.7,98.11,Outstanding,FINALIZED
EMP0066,2026-02,59.32,53.73,57.64,Needs Improvement,FINALIZED
EMP0067,2026-02,91.12,89.47,90.63,Outstanding,FINALIZED
EMP0068,2026-02,84.74,86.38,85.23,Very Good,FINALIZED
EMP0069,2026-02,76.71,73.62,75.78,Good,FINALIZED
EMP0070,2026-02,79.72,81.47,80.24,Very Good,FINALIZED
EMP0071,2026-02,79.16,80.04,79.42,Good,FINALIZED
EMP0072,2026-02,70.28,73.12,71.13,Good,FINALIZED
EMP0073,2026-02,82.98,87.9,84.46,Very Good,FINALIZED
EMP0075,2026-02,81.15,77.97,80.2,Very Good,FINALIZED
EMP0076,2026-02,82.36,75.09,80.18,Very Good,FINALIZED
EMP0077,2026-02,78.97,84.23,80.55,Very Good,FINALIZED
EMP0078,2026-02,87.27,87.69,87.4,Very Good,FINALIZED
EMP0079,2026-02,75,76.94,75.58,Good,FINALIZED
EMP0080,2026-02,98.63,97.1,98.17,Outstanding,FINALIZED
EMP0082,2026-02,82.46,76.08,80.55,Very Good,FINALIZED
EMP0083,2026-02,81.8,80.26,81.34,Very Good,FINALIZED
EMP0084,2026-02,76.92,69.7,74.75,Good,FINALIZED
EMP0085,2026-02,87.73,88.47,87.95,Very Good,FINALIZED
EMP0086,2026-02,89.01,86.18,88.16,Very Good,FINALIZED
EMP0087,2026-02,89.29,93.1,90.43,Outstanding,FINALIZED
EMP0088,2026-02,81.1,78.42,80.3,Very Good,FINALIZED
EMP0089,2026-02,76.66,78.14,77.1,Good,FINALIZED
EMP0091,2026-02,72.72,77.75,74.23,Good,FINALIZED
EMP0092,2026-02,83.2,86.74,84.26,Very Good,FINALIZED
EMP0093,2026-02,81.66,85.57,82.83,Very Good,FINALIZED
EMP0094,2026-02,77.54,71.35,75.68,Good,FINALIZED
EMP0095,2026-02,82.85,79.37,81.81,Very Good,FINALIZED
EMP0096,2026-02,84.03,82.58,83.6,Very Good,FINALIZED
EMP0097,2026-02,97.54,91.99,95.88,Outstanding,FINALIZED
EMP0098,2026-02,91.42,92.4,91.71,Outstanding,FINALIZED
EMP0100,2026-02,63.72,59.34,62.41,Satisfactory,FINALIZED
EMP0001,2026-03,75.89,71.03,74.43,Good,FINALIZED
EMP0002,2026-03,83.52,76.6,81.44,Very Good,FINALIZED
EMP0003,2026-03,81.59,80.46,81.25,Very Good,FINALIZED
EMP0004,2026-03,94.9,88.71,93.04,Outstanding,FINALIZED
EMP0005,2026-03,92.52,96.99,93.86,Outstanding,FINALIZED
EMP0007,2026-03,105.46,100,103.82,Outstanding,FINALIZED
EMP0008,2026-03,85.66,81.88,84.53,Very Good,FINALIZED
EMP0009,2026-03,84.85,85.69,85.1,Very Good,FINALIZED
EMP0010,2026-03,77.96,80.89,78.84,Good,FINALIZED
EMP0011,2026-03,93.78,99.7,95.56,Outstanding,FINALIZED
EMP0012,2026-03,91.12,90.01,90.79,Outstanding,FINALIZED
EMP0013,2026-03,110.22,100,107.15,Outstanding,FINALIZED
EMP0014,2026-03,85.84,87,86.19,Very Good,FINALIZED
EMP0015,2026-03,91.92,91.19,91.7,Outstanding,FINALIZED
EMP0016,2026-03,87.87,93.58,89.58,Very Good,FINALIZED
EMP0017,2026-03,87.18,85.96,86.81,Very Good,FINALIZED
EMP0018,2026-03,83.73,78.03,82.02,Very Good,FINALIZED
EMP0019,2026-03,91,87.96,90.09,Outstanding,FINALIZED
EMP0020,2026-03,92.93,92.3,92.74,Outstanding,FINALIZED
EMP0021,2026-03,107.66,100,105.36,Outstanding,FINALIZED
EMP0022,2026-03,90.88,89.54,90.48,Outstanding,FINALIZED
EMP0023,2026-03,111.94,100,108.36,Outstanding,FINALIZED
EMP0024,2026-03,93.94,99.53,95.62,Outstanding,FINALIZED
EMP0025,2026-03,89.87,84.18,88.16,Very Good,FINALIZED
EMP0026,2026-03,108.48,100,105.94,Outstanding,FINALIZED
EMP0027,2026-03,103.55,100,102.49,Outstanding,FINALIZED
EMP0028,2026-03,87.54,80.1,85.31,Very Good,FINALIZED
EMP0029,2026-03,71.25,75.55,72.54,Good,FINALIZED
EMP0030,2026-03,80.83,84.85,82.04,Very Good,FINALIZED
EMP0031,2026-03,92.62,98.51,94.39,Outstanding,FINALIZED
EMP0032,2026-03,113.33,100,109.33,Outstanding,FINALIZED
EMP0033,2026-03,89.51,87.53,88.92,Very Good,FINALIZED
EMP0034,2026-03,87.97,88.65,88.17,Very Good,FINALIZED
EMP0035,2026-03,79.76,83.66,80.93,Very Good,FINALIZED
EMP0036,2026-03,87.85,92.75,89.32,Very Good,FINALIZED
EMP0037,2026-03,97.31,98,97.52,Outstanding,FINALIZED
EMP0038,2026-03,94.22,93.47,93.99,Outstanding,FINALIZED
EMP0039,2026-03,89.67,92.67,90.57,Outstanding,FINALIZED
EMP0040,2026-03,89.35,84.76,87.97,Very Good,FINALIZED
EMP0041,2026-03,87.45,92.31,88.91,Very Good,FINALIZED
EMP0042,2026-03,85.32,88.78,86.36,Very Good,FINALIZED
EMP0043,2026-03,88.61,83.19,86.98,Very Good,FINALIZED
EMP0044,2026-03,110.38,100,107.27,Outstanding,FINALIZED
EMP0045,2026-03,91.17,93.42,91.85,Outstanding,FINALIZED
EMP0046,2026-03,75.38,68.14,73.21,Good,FINALIZED
EMP0047,2026-03,87.44,86.59,87.18,Very Good,FINALIZED
EMP0049,2026-03,64.81,57.35,62.57,Satisfactory,FINALIZED
EMP0050,2026-03,76.34,82.2,78.1,Good,FINALIZED
EMP0051,2026-03,70.73,67.82,69.86,Satisfactory,FINALIZED
EMP0052,2026-03,76.64,70.32,74.74,Good,FINALIZED
EMP0054,2026-03,75.81,71.6,74.55,Good,FINALIZED
EMP0055,2026-03,78.59,74.73,77.43,Good,FINALIZED
EMP0057,2026-03,75.46,68.72,73.44,Good,FINALIZED
EMP0059,2026-03,73.31,67.36,71.53,Good,FINALIZED
EMP0060,2026-03,78.09,82.34,79.36,Good,FINALIZED
EMP0061,2026-03,74.58,69.21,72.97,Good,FINALIZED
EMP0062,2026-03,72.76,65.37,70.54,Good,FINALIZED
EMP0063,2026-03,71.14,68.32,70.29,Good,FINALIZED
EMP0064,2026-03,80.14,75.16,78.65,Good,FINALIZED
EMP0065,2026-03,96.41,91.69,94.99,Outstanding,FINALIZED
EMP0066,2026-03,65.41,63.35,64.79,Satisfactory,FINALIZED
EMP0067,2026-03,89.98,91.3,90.38,Outstanding,FINALIZED
EMP0068,2026-03,83.5,76.94,81.53,Very Good,FINALIZED
EMP0069,2026-03,74.57,70.05,73.21,Good,FINALIZED
EMP0070,2026-03,83.34,83.3,83.33,Very Good,FINALIZED
EMP0071,2026-03,83.24,77.83,81.62,Very Good,FINALIZED
EMP0072,2026-03,70.13,66.6,69.07,Satisfactory,FINALIZED
EMP0073,2026-03,84.89,85.6,85.1,Very Good,FINALIZED
EMP0075,2026-03,78.8,75.99,77.96,Good,FINALIZED
EMP0076,2026-03,82.44,82.73,82.53,Very Good,FINALIZED
EMP0077,2026-03,81.63,73.85,79.3,Good,FINALIZED
EMP0078,2026-03,88,91.51,89.05,Very Good,FINALIZED
EMP0079,2026-03,68.62,71.01,69.34,Satisfactory,FINALIZED
EMP0080,2026-03,93.04,94.21,93.39,Outstanding,FINALIZED
EMP0082,2026-03,81.04,84.52,82.08,Very Good,FINALIZED
EMP0083,2026-03,82.69,84.12,83.12,Very Good,FINALIZED
EMP0084,2026-03,75.6,80.12,76.96,Good,FINALIZED
EMP0085,2026-03,74.46,70.09,73.15,Good,FINALIZED
EMP0086,2026-03,86.81,91.35,88.17,Very Good,FINALIZED
EMP0087,2026-03,81.08,80.89,81.02,Very Good,FINALIZED
EMP0088,2026-03,85.63,84.25,85.22,Very Good,FINALIZED
EMP0089,2026-03,79.05,79.43,79.16,Good,FINALIZED
EMP0091,2026-03,69.64,75.53,71.41,Good,FINALIZED
EMP0092,2026-03,84.67,77.96,82.66,Very Good,FINALIZED
EMP0093,2026-03,84.38,86.75,85.09,Very Good,FINALIZED
EMP0094,2026-03,77.39,82.47,78.91,Good,FINALIZED
EMP0095,2026-03,86.04,84.51,85.58,Very Good,FINALIZED
EMP0096,2026-03,89.32,94.24,90.8,Outstanding,FINALIZED
EMP0097,2026-03,98.25,92.28,96.46,Outstanding,FINALIZED
EMP0098,2026-03,90.25,95.06,91.69,Outstanding,FINALIZED
EMP0100,2026-03,53.6,46.46,51.46,Needs Improvement,FINALIZED
EMP0001,2026-04,83.99,77.76,82.12,Very Good,FINALIZED
EMP0002,2026-04,82.26,87.34,83.78,Very Good,FINALIZED
EMP0003,2026-04,82.78,81.27,82.33,Very Good,FINALIZED
EMP0004,2026-04,94.83,94.06,94.6,Outstanding,FINALIZED
EMP0005,2026-04,91.87,96.96,93.4,Outstanding,FINALIZED
EMP0006,2026-04,98.23,100,98.76,Outstanding,FINALIZED
EMP0007,2026-04,101.67,99.85,101.12,Outstanding,FINALIZED
EMP0008,2026-04,86.75,87.87,87.09,Very Good,FINALIZED
EMP0009,2026-04,80.98,75.79,79.42,Good,FINALIZED
EMP0010,2026-04,82.32,84.06,82.84,Very Good,FINALIZED
EMP0011,2026-04,90.25,90.13,90.21,Outstanding,FINALIZED
EMP0012,2026-04,97.8,90.81,95.7,Outstanding,FINALIZED
EMP0013,2026-04,107.58,100,105.31,Outstanding,FINALIZED
EMP0014,2026-04,75.15,80.35,76.71,Good,FINALIZED
EMP0015,2026-04,86.19,78.36,83.84,Very Good,FINALIZED
EMP0016,2026-04,89.29,84.37,87.81,Very Good,FINALIZED
EMP0017,2026-04,88.48,80.55,86.1,Very Good,FINALIZED
EMP0018,2026-04,82.44,77.56,80.98,Very Good,FINALIZED
EMP0019,2026-04,89.45,94.76,91.04,Outstanding,FINALIZED
EMP0020,2026-04,93.37,99.01,95.06,Outstanding,FINALIZED
EMP0021,2026-04,107.74,100,105.42,Outstanding,FINALIZED
EMP0022,2026-04,89.42,92.45,90.33,Outstanding,FINALIZED
EMP0023,2026-04,114.84,100,110.39,Outstanding,FINALIZED
EMP0024,2026-04,93.27,88.25,91.76,Outstanding,FINALIZED
EMP0025,2026-04,90.26,90.17,90.23,Outstanding,FINALIZED
EMP0026,2026-04,108.72,100,106.1,Outstanding,FINALIZED
EMP0027,2026-04,112.11,100,108.48,Outstanding,FINALIZED
EMP0028,2026-04,86.82,83.98,85.97,Very Good,FINALIZED
EMP0029,2026-04,77.53,81.54,78.73,Good,FINALIZED
EMP0030,2026-04,74.41,74.81,74.53,Good,FINALIZED
EMP0031,2026-04,87.54,93.05,89.19,Very Good,FINALIZED
EMP0032,2026-04,106.05,100,104.24,Outstanding,FINALIZED
EMP0033,2026-04,89.75,91.64,90.32,Outstanding,FINALIZED
EMP0034,2026-04,89.31,91.54,89.98,Very Good,FINALIZED
EMP0035,2026-04,75.61,69.55,73.79,Good,FINALIZED
EMP0036,2026-04,78.24,74.22,77.03,Good,FINALIZED
EMP0037,2026-04,96.61,94.05,95.84,Outstanding,FINALIZED
EMP0038,2026-04,91.76,86.8,90.27,Outstanding,FINALIZED
EMP0039,2026-04,91.29,87.99,90.3,Outstanding,FINALIZED
EMP0040,2026-04,89.3,92.3,90.2,Outstanding,FINALIZED
EMP0041,2026-04,89.43,84.11,87.83,Very Good,FINALIZED
EMP0042,2026-04,84.23,81.15,83.31,Very Good,FINALIZED
EMP0043,2026-04,93.01,89.96,92.1,Outstanding,FINALIZED
EMP0044,2026-04,112.17,100,108.52,Outstanding,FINALIZED
EMP0045,2026-04,90.18,95.15,91.67,Outstanding,FINALIZED
EMP0046,2026-04,78.42,74.14,77.14,Good,FINALIZED
EMP0047,2026-04,90.3,84.62,88.6,Very Good,FINALIZED
EMP0049,2026-04,67.51,65.14,66.8,Satisfactory,FINALIZED
EMP0050,2026-04,76.21,73.73,75.47,Good,FINALIZED
EMP0051,2026-04,70.73,72.83,71.36,Good,FINALIZED
EMP0052,2026-04,76.34,73.55,75.5,Good,FINALIZED
EMP0054,2026-04,76.34,81.97,78.03,Good,FINALIZED
EMP0055,2026-04,78.09,74.81,77.11,Good,FINALIZED
EMP0057,2026-04,77.01,76.02,76.71,Good,FINALIZED
EMP0059,2026-04,77.22,77.48,77.3,Good,FINALIZED
EMP0060,2026-04,79.97,81.77,80.51,Very Good,FINALIZED
EMP0061,2026-04,81.91,83.01,82.24,Very Good,FINALIZED
EMP0062,2026-04,73.11,66.63,71.17,Good,FINALIZED
EMP0063,2026-04,72.78,78.56,74.51,Good,FINALIZED
EMP0064,2026-04,82.84,81.09,82.32,Very Good,FINALIZED
EMP0065,2026-04,97.85,90.81,95.74,Outstanding,FINALIZED
EMP0066,2026-04,66.35,70.31,67.54,Satisfactory,FINALIZED
EMP0067,2026-04,90.28,90.59,90.37,Outstanding,FINALIZED
EMP0068,2026-04,83.7,87.56,84.86,Very Good,FINALIZED
EMP0069,2026-04,75.82,74.06,75.29,Good,FINALIZED
EMP0070,2026-04,83.68,86.88,84.64,Very Good,FINALIZED
EMP0071,2026-04,84.16,89.62,85.8,Very Good,FINALIZED
EMP0072,2026-04,66.56,68.32,67.09,Satisfactory,FINALIZED
EMP0073,2026-04,83.61,84.69,83.93,Very Good,FINALIZED
EMP0075,2026-04,76.9,75.98,76.62,Good,FINALIZED
EMP0076,2026-04,80.89,84.59,82,Very Good,FINALIZED
EMP0077,2026-04,83.25,86.66,84.27,Very Good,FINALIZED
EMP0078,2026-04,85.67,81.05,84.28,Very Good,FINALIZED
EMP0079,2026-04,73.64,79.55,75.41,Good,FINALIZED
EMP0080,2026-04,95.4,93.15,94.73,Outstanding,FINALIZED
EMP0082,2026-04,75.31,80.87,76.98,Good,FINALIZED
EMP0083,2026-04,81.8,75.1,79.79,Good,FINALIZED
EMP0084,2026-04,82.1,87.82,83.82,Very Good,FINALIZED
EMP0085,2026-04,89.08,87.83,88.71,Very Good,FINALIZED
EMP0086,2026-04,85.11,86.33,85.48,Very Good,FINALIZED
EMP0087,2026-04,85.18,81.51,84.08,Very Good,FINALIZED
EMP0088,2026-04,86.29,87.2,86.56,Very Good,FINALIZED
EMP0089,2026-04,76.92,81.9,78.41,Good,FINALIZED
EMP0090,2026-04,79.69,82.26,80.46,Very Good,FINALIZED
EMP0091,2026-04,69.23,64.58,67.83,Satisfactory,FINALIZED
EMP0092,2026-04,82.9,86.65,84.03,Very Good,FINALIZED
EMP0093,2026-04,82.17,79.26,81.3,Very Good,FINALIZED
EMP0094,2026-04,77.1,74.68,76.37,Good,FINALIZED
EMP0095,2026-04,83.2,75.67,80.94,Very Good,FINALIZED
EMP0096,2026-04,89.38,85.94,88.35,Very Good,FINALIZED
EMP0097,2026-04,96.67,94.28,95.95,Outstanding,FINALIZED
EMP0098,2026-04,91.79,89.07,90.97,Outstanding,FINALIZED
EMP0099,2026-04,84.1,87.31,85.06,Very Good,FINALIZED
EMP0100,2026-04,57.8,61.18,58.81,Needs Improvement,FINALIZED
EMP0001,2026-05,81.22,78.06,80.27,Very Good,FINALIZED
EMP0002,2026-05,85.78,89.75,86.97,Very Good,FINALIZED
EMP0003,2026-05,94.65,89.55,93.12,Outstanding,FINALIZED
EMP0004,2026-05,93.32,89.98,92.32,Outstanding,FINALIZED
EMP0005,2026-05,81.39,78.05,80.39,Very Good,FINALIZED
EMP0006,2026-05,92.65,91.87,92.42,Outstanding,FINALIZED
EMP0007,2026-05,103.94,100,102.76,Outstanding,FINALIZED
EMP0008,2026-05,83.21,81.81,82.79,Very Good,FINALIZED
EMP0009,2026-05,83.42,82.67,83.2,Very Good,FINALIZED
EMP0010,2026-05,78.99,72.02,76.9,Good,FINALIZED
EMP0011,2026-05,92.04,91.81,91.97,Outstanding,FINALIZED
EMP0012,2026-05,88.66,93.71,90.17,Outstanding,FINALIZED
EMP0013,2026-05,108,100,105.6,Outstanding,FINALIZED
EMP0014,2026-05,83.61,80.88,82.79,Very Good,FINALIZED
EMP0015,2026-05,91.15,97.01,92.91,Outstanding,FINALIZED
EMP0016,2026-05,83.44,85.88,84.17,Very Good,FINALIZED
EMP0017,2026-05,86.03,82.09,84.85,Very Good,FINALIZED
EMP0018,2026-05,80.93,84.79,82.09,Very Good,FINALIZED
EMP0019,2026-05,96.34,89.08,94.16,Outstanding,FINALIZED
EMP0020,2026-05,91.25,87.28,90.06,Outstanding,FINALIZED
EMP0021,2026-05,97.46,98.64,97.81,Outstanding,FINALIZED
EMP0022,2026-05,90.84,84.39,88.91,Very Good,FINALIZED
EMP0023,2026-05,112.76,100,108.93,Outstanding,FINALIZED
EMP0024,2026-05,92.26,85.49,90.23,Outstanding,FINALIZED
EMP0025,2026-05,80.94,77.33,79.86,Good,FINALIZED
EMP0026,2026-05,103.69,96.14,101.43,Outstanding,FINALIZED
EMP0027,2026-05,108.94,100,106.26,Outstanding,FINALIZED
EMP0028,2026-05,91.03,87.19,89.88,Very Good,FINALIZED
EMP0029,2026-05,78.54,84.24,80.25,Very Good,FINALIZED
EMP0030,2026-05,76.67,69.39,74.49,Good,FINALIZED
EMP0031,2026-05,94.59,95.21,94.78,Outstanding,FINALIZED
EMP0032,2026-05,107.55,100,105.29,Outstanding,FINALIZED
EMP0033,2026-05,89.3,90.09,89.54,Very Good,FINALIZED
EMP0034,2026-05,80.86,73.79,78.74,Good,FINALIZED
EMP0035,2026-05,72.31,77.37,73.83,Good,FINALIZED
EMP0036,2026-05,84.25,80.22,83.04,Very Good,FINALIZED
EMP0037,2026-05,97.65,90.38,95.47,Outstanding,FINALIZED
EMP0038,2026-05,92.97,96.43,94.01,Outstanding,FINALIZED
EMP0039,2026-05,95.72,88.5,93.55,Outstanding,FINALIZED
EMP0040,2026-05,88.91,91.35,89.64,Very Good,FINALIZED
EMP0041,2026-05,87.42,86.66,87.19,Very Good,FINALIZED
EMP0042,2026-05,83.86,78.71,82.32,Very Good,FINALIZED
EMP0043,2026-05,94.3,93.65,94.1,Outstanding,FINALIZED
EMP0044,2026-05,114.24,100,109.97,Outstanding,FINALIZED
EMP0045,2026-05,89.63,93.51,90.79,Outstanding,FINALIZED
EMP0046,2026-05,80.87,83.41,81.63,Very Good,FINALIZED
EMP0047,2026-05,90.91,83.44,88.67,Very Good,FINALIZED
EMP0049,2026-05,63.62,60.34,62.64,Satisfactory,FINALIZED
EMP0050,2026-05,76.62,80.88,77.9,Good,FINALIZED
EMP0051,2026-05,72.69,72.51,72.64,Good,FINALIZED
EMP0052,2026-05,80.22,79.63,80.04,Very Good,FINALIZED
EMP0054,2026-05,75.64,74.13,75.19,Good,FINALIZED
EMP0055,2026-05,76.91,82.45,78.57,Good,FINALIZED
EMP0057,2026-05,73.77,77.16,74.79,Good,FINALIZED
EMP0059,2026-05,77.84,77.71,77.8,Good,FINALIZED
EMP0060,2026-05,74.14,76.99,74.99,Good,FINALIZED
EMP0061,2026-05,74.32,69.74,72.95,Good,FINALIZED
EMP0062,2026-05,76.4,77.61,76.76,Good,FINALIZED
EMP0063,2026-05,75.69,68.2,73.44,Good,FINALIZED
EMP0064,2026-05,75.9,75.04,75.64,Good,FINALIZED
EMP0065,2026-05,91.32,87,90.02,Outstanding,FINALIZED
EMP0066,2026-05,67.37,71.62,68.65,Satisfactory,FINALIZED
EMP0067,2026-05,87.54,87.77,87.61,Very Good,FINALIZED
EMP0068,2026-05,83.29,83.32,83.3,Very Good,FINALIZED
EMP0069,2026-05,79.28,81.94,80.08,Very Good,FINALIZED
EMP0070,2026-05,84.33,86.08,84.85,Very Good,FINALIZED
EMP0071,2026-05,83.06,86.9,84.21,Very Good,FINALIZED
EMP0072,2026-05,68.54,69.23,68.75,Satisfactory,FINALIZED
EMP0073,2026-05,83.53,76.91,81.54,Very Good,FINALIZED
EMP0075,2026-05,80.16,79.34,79.91,Good,FINALIZED
EMP0076,2026-05,81.12,78.45,80.32,Very Good,FINALIZED
EMP0077,2026-05,81.39,82.32,81.67,Very Good,FINALIZED
EMP0078,2026-05,86.11,81.43,84.71,Very Good,FINALIZED
EMP0079,2026-05,69.6,66.41,68.64,Satisfactory,FINALIZED
EMP0080,2026-05,95.18,89.75,93.55,Outstanding,FINALIZED
EMP0081,2026-05,85.29,80.21,83.77,Very Good,FINALIZED
EMP0082,2026-05,77.33,80.99,78.43,Good,FINALIZED
EMP0083,2026-05,84.72,87.5,85.55,Very Good,FINALIZED
EMP0084,2026-05,85.58,78.2,83.37,Very Good,FINALIZED
EMP0085,2026-05,83.75,77.07,81.75,Very Good,FINALIZED
EMP0086,2026-05,82.86,78.93,81.68,Very Good,FINALIZED
EMP0087,2026-05,82.25,80.33,81.67,Very Good,FINALIZED
EMP0088,2026-05,75.87,79.13,76.85,Good,FINALIZED
EMP0089,2026-05,83.75,77.71,81.94,Very Good,FINALIZED
EMP0090,2026-05,83.8,81.57,83.13,Very Good,FINALIZED
EMP0091,2026-05,73.55,71.34,72.89,Good,FINALIZED
EMP0092,2026-05,81.81,86.35,83.17,Very Good,FINALIZED
EMP0093,2026-05,80.25,82.17,80.83,Very Good,FINALIZED
EMP0094,2026-05,74.27,74.7,74.4,Good,FINALIZED
EMP0095,2026-05,86.88,82.4,85.54,Very Good,FINALIZED
EMP0096,2026-05,92.25,88.73,91.19,Outstanding,FINALIZED
EMP0097,2026-05,95.98,88.62,93.77,Outstanding,FINALIZED
EMP0098,2026-05,90.96,87.57,89.94,Very Good,FINALIZED
EMP0099,2026-05,87.98,86.82,87.63,Very Good,FINALIZED
EMP0100,2026-05,65.89,65.84,65.88,Satisfactory,FINALIZED
EMP0001,2026-06,78.39,71.99,76.47,Good,FINALIZED
EMP0002,2026-06,85.82,89.16,86.82,Very Good,FINALIZED
EMP0003,2026-06,90.18,92.77,90.96,Outstanding,FINALIZED
EMP0004,2026-06,95.5,99.75,96.78,Outstanding,FINALIZED
EMP0005,2026-06,89.98,83.64,88.08,Very Good,FINALIZED
EMP0006,2026-06,90.81,88.83,90.22,Outstanding,FINALIZED
EMP0007,2026-06,104.19,100,102.93,Outstanding,FINALIZED
EMP0008,2026-06,81,82.02,81.31,Very Good,FINALIZED
EMP0009,2026-06,85.1,90.15,86.62,Very Good,FINALIZED
EMP0010,2026-06,79.61,78.34,79.23,Good,FINALIZED
EMP0011,2026-06,93.99,98.26,95.27,Outstanding,FINALIZED
EMP0012,2026-06,93.07,95.02,93.65,Outstanding,FINALIZED
EMP0013,2026-06,104.43,98.76,102.73,Outstanding,FINALIZED
EMP0014,2026-06,84.85,77.22,82.56,Very Good,FINALIZED
EMP0015,2026-06,81.98,78.16,80.83,Very Good,FINALIZED
EMP0016,2026-06,89.14,82.3,87.09,Very Good,FINALIZED
EMP0017,2026-06,82.1,86.64,83.46,Very Good,FINALIZED
EMP0018,2026-06,85.29,81.12,84.04,Very Good,FINALIZED
EMP0019,2026-06,95.92,97.11,96.28,Outstanding,FINALIZED
EMP0020,2026-06,91.51,90.74,91.28,Outstanding,FINALIZED
EMP0021,2026-06,107.45,100,105.22,Outstanding,FINALIZED
EMP0022,2026-06,91.85,92.95,92.18,Outstanding,FINALIZED
EMP0023,2026-06,111.46,100,108.02,Outstanding,FINALIZED
EMP0024,2026-06,93.59,94.9,93.98,Outstanding,FINALIZED
EMP0025,2026-06,88.26,94.25,90.06,Outstanding,FINALIZED
EMP0026,2026-06,111.61,100,108.13,Outstanding,FINALIZED
EMP0027,2026-06,107.87,100,105.51,Outstanding,FINALIZED
EMP0028,2026-06,90.94,87.47,89.9,Very Good,FINALIZED
EMP0029,2026-06,76.41,79.04,77.2,Good,FINALIZED
EMP0030,2026-06,76,73.01,75.1,Good,FINALIZED
EMP0031,2026-06,94.18,89.61,92.81,Outstanding,FINALIZED
EMP0032,2026-06,109.2,100,106.44,Outstanding,FINALIZED
EMP0033,2026-06,82.42,75.48,80.34,Very Good,FINALIZED
EMP0034,2026-06,87.77,87.92,87.82,Very Good,FINALIZED
EMP0035,2026-06,75.56,72.3,74.58,Good,FINALIZED
EMP0036,2026-06,84.11,79.06,82.6,Very Good,FINALIZED
EMP0037,2026-06,96.13,93.01,95.19,Outstanding,FINALIZED
EMP0038,2026-06,91.13,94.43,92.12,Outstanding,FINALIZED
EMP0039,2026-06,87.06,80.89,85.21,Very Good,FINALIZED
EMP0040,2026-06,84.44,87.45,85.34,Very Good,FINALIZED
EMP0041,2026-06,86.59,92.4,88.33,Very Good,FINALIZED
EMP0042,2026-06,84.94,86.95,85.54,Very Good,FINALIZED
EMP0043,2026-06,92.02,88.25,90.89,Outstanding,FINALIZED
EMP0044,2026-06,110.46,100,107.32,Outstanding,FINALIZED
EMP0045,2026-06,81.4,77.27,80.16,Very Good,FINALIZED
EMP0046,2026-06,81.79,82.77,82.08,Very Good,FINALIZED
EMP0047,2026-06,88.38,80.41,85.99,Very Good,FINALIZED
EMP0049,2026-06,66.08,69.21,67.02,Satisfactory,FINALIZED
EMP0050,2026-06,73.33,75.63,74.02,Good,FINALIZED
EMP0051,2026-06,68.24,63.84,66.92,Satisfactory,FINALIZED
EMP0052,2026-06,76.21,69.64,74.24,Good,FINALIZED
EMP0054,2026-06,80.44,80.37,80.42,Very Good,FINALIZED
EMP0055,2026-06,74.26,77.45,75.22,Good,FINALIZED
EMP0057,2026-06,78.17,81.98,79.31,Good,FINALIZED
EMP0059,2026-06,76.64,80.71,77.86,Good,FINALIZED
EMP0060,2026-06,78.93,74.63,77.64,Good,FINALIZED
EMP0061,2026-06,78.8,74.65,77.55,Good,FINALIZED
EMP0062,2026-06,72.96,70.63,72.26,Good,FINALIZED
EMP0063,2026-06,65.76,69.14,66.77,Satisfactory,FINALIZED
EMP0064,2026-06,81.16,81.36,81.22,Very Good,FINALIZED
EMP0065,2026-06,97.97,94.51,96.93,Outstanding,FINALIZED
EMP0066,2026-06,69.29,73,70.4,Good,FINALIZED
EMP0067,2026-06,88.87,88.63,88.8,Very Good,FINALIZED
EMP0068,2026-06,83.36,78.35,81.86,Very Good,FINALIZED
EMP0069,2026-06,79.58,80.8,79.95,Good,FINALIZED
EMP0070,2026-06,85.11,90.65,86.77,Very Good,FINALIZED
EMP0071,2026-06,82.39,84.23,82.94,Very Good,FINALIZED
EMP0072,2026-06,68.06,70.81,68.88,Satisfactory,FINALIZED
EMP0073,2026-06,80.84,85.82,82.33,Very Good,FINALIZED
EMP0075,2026-06,81.35,86.99,83.04,Very Good,FINALIZED
EMP0076,2026-06,80.24,74.86,78.63,Good,FINALIZED
EMP0077,2026-06,78.26,83.19,79.74,Good,FINALIZED
EMP0078,2026-06,87.45,90.24,88.29,Very Good,FINALIZED
EMP0079,2026-06,78.92,78.03,78.65,Good,FINALIZED
EMP0080,2026-06,94.93,95.6,95.13,Outstanding,FINALIZED
EMP0081,2026-06,82.52,81.29,82.15,Very Good,FINALIZED
EMP0082,2026-06,85.67,79.14,83.71,Very Good,FINALIZED
EMP0083,2026-06,80.57,82.21,81.06,Very Good,FINALIZED
EMP0084,2026-06,72.56,77.19,73.95,Good,FINALIZED
EMP0085,2026-06,86.72,84.94,86.19,Very Good,FINALIZED
EMP0086,2026-06,88.74,85.39,87.74,Very Good,FINALIZED
EMP0087,2026-06,84.83,85.78,85.12,Very Good,FINALIZED
EMP0088,2026-06,81.06,84.62,82.13,Very Good,FINALIZED
EMP0089,2026-06,80.62,76.11,79.27,Good,FINALIZED
EMP0090,2026-06,85.56,78.91,83.57,Very Good,FINALIZED
EMP0091,2026-06,74.74,67.36,72.53,Good,FINALIZED
EMP0092,2026-06,84.14,77.74,82.22,Very Good,FINALIZED
EMP0093,2026-06,82.4,78.16,81.13,Very Good,FINALIZED
EMP0094,2026-06,78.89,71.47,76.66,Good,FINALIZED
EMP0095,2026-06,80.1,75.51,78.72,Good,FINALIZED
EMP0096,2026-06,93.52,98.19,94.92,Outstanding,FINALIZED
EMP0097,2026-06,98.08,96.47,97.6,Outstanding,FINALIZED
EMP0098,2026-06,93.54,87.11,91.61,Outstanding,FINALIZED
EMP0099,2026-06,88.13,80.93,85.97,Very Good,FINALIZED
EMP0100,2026-06,60.77,55.53,59.2,Needs Improvement,FINALIZED
EMP0001,2026-07,80.99,83.89,81.86,Very Good,FINALIZED
EMP0002,2026-07,86.35,89.69,87.35,Very Good,FINALIZED
EMP0003,2026-07,82.28,77.5,80.85,Very Good,FINALIZED
EMP0004,2026-07,99.15,99.01,99.11,Outstanding,FINALIZED
EMP0005,2026-07,88.73,93.11,90.04,Outstanding,FINALIZED
EMP0006,2026-07,89.16,88.11,88.85,Very Good,FINALIZED
EMP0007,2026-07,105.51,100,103.86,Outstanding,FINALIZED
EMP0008,2026-07,80.46,85.14,81.86,Very Good,FINALIZED
EMP0009,2026-07,78.76,73.99,77.33,Good,FINALIZED
EMP0010,2026-07,78.63,73.64,77.13,Good,FINALIZED
EMP0011,2026-07,96.33,98.73,97.05,Outstanding,FINALIZED
EMP0012,2026-07,94.04,92.78,93.66,Outstanding,FINALIZED
EMP0013,2026-07,108.08,100,105.66,Outstanding,FINALIZED
EMP0014,2026-07,90.34,96.21,92.1,Outstanding,FINALIZED
EMP0015,2026-07,88.66,85.77,87.79,Very Good,FINALIZED
EMP0016,2026-07,87.29,87.53,87.36,Very Good,FINALIZED
EMP0017,2026-07,86.99,80.66,85.09,Very Good,FINALIZED
EMP0018,2026-07,82.75,83.66,83.02,Very Good,FINALIZED
EMP0019,2026-07,89.94,87.84,89.31,Very Good,FINALIZED
EMP0020,2026-07,89.56,82.76,87.52,Very Good,FINALIZED
EMP0021,2026-07,105.55,100,103.89,Outstanding,FINALIZED
EMP0022,2026-07,91.77,87.17,90.39,Outstanding,FINALIZED
EMP0023,2026-07,112.16,100,108.51,Outstanding,FINALIZED
EMP0024,2026-07,91.85,86.59,90.27,Outstanding,FINALIZED
EMP0025,2026-07,89.97,89.73,89.9,Very Good,FINALIZED
EMP0026,2026-07,110.34,100,107.24,Outstanding,FINALIZED
EMP0027,2026-07,112.05,100,108.43,Outstanding,FINALIZED
EMP0028,2026-07,86.04,88.03,86.64,Very Good,FINALIZED
EMP0029,2026-07,75.79,78.43,76.58,Good,FINALIZED
EMP0030,2026-07,77.64,77.68,77.65,Good,FINALIZED
EMP0031,2026-07,93.29,93.38,93.32,Outstanding,FINALIZED
EMP0032,2026-07,111.73,100,108.21,Outstanding,FINALIZED
EMP0033,2026-07,86.56,80.07,84.61,Very Good,FINALIZED
EMP0034,2026-07,86.99,82.21,85.56,Very Good,FINALIZED
EMP0035,2026-07,80.47,84.39,81.65,Very Good,FINALIZED
EMP0036,2026-07,80.44,82.07,80.93,Very Good,FINALIZED
EMP0037,2026-07,94.24,88.06,92.39,Outstanding,FINALIZED
EMP0038,2026-07,91.15,88.56,90.37,Outstanding,FINALIZED
EMP0039,2026-07,87.33,87.94,87.51,Very Good,FINALIZED
EMP0040,2026-07,87.68,84.37,86.69,Very Good,FINALIZED
EMP0041,2026-07,91.37,90.57,91.13,Outstanding,FINALIZED
EMP0042,2026-07,81.88,87.15,83.46,Very Good,FINALIZED
EMP0043,2026-07,89.02,94.87,90.78,Outstanding,FINALIZED
EMP0044,2026-07,113.17,100,109.22,Outstanding,FINALIZED
EMP0045,2026-07,88.26,84.97,87.27,Very Good,FINALIZED
EMP0046,2026-07,81.45,84.91,82.49,Very Good,FINALIZED
EMP0047,2026-07,90.81,93.73,91.69,Outstanding,FINALIZED
EMP0049,2026-07,65.73,63.28,65,Satisfactory,FINALIZED
EMP0050,2026-07,74.98,67.42,72.71,Good,FINALIZED
EMP0051,2026-07,70.74,73.06,71.44,Good,FINALIZED
EMP0052,2026-07,74.54,79.45,76.01,Good,FINALIZED
EMP0054,2026-07,78.78,77.63,78.44,Good,FINALIZED
EMP0055,2026-07,76.13,72.34,74.99,Good,FINALIZED
EMP0056,2026-07,75.17,77.26,75.8,Good,FINALIZED
EMP0057,2026-07,72.59,73,72.71,Good,FINALIZED
EMP0058,2026-07,78.55,76.37,77.9,Good,FINALIZED
EMP0059,2026-07,76.43,81.93,78.08,Good,FINALIZED
EMP0060,2026-07,77.48,73.88,76.4,Good,FINALIZED
EMP0061,2026-07,78.56,73.31,76.99,Good,FINALIZED
EMP0062,2026-07,73.09,73.89,73.33,Good,FINALIZED
EMP0063,2026-07,70.36,69.76,70.18,Good,FINALIZED
EMP0064,2026-07,68.81,70.03,69.18,Satisfactory,FINALIZED
EMP0065,2026-07,95.28,100,96.7,Outstanding,FINALIZED
EMP0066,2026-07,62.34,59.86,61.6,Satisfactory,FINALIZED
EMP0067,2026-07,91.7,93.06,92.11,Outstanding,FINALIZED
EMP0068,2026-07,88.36,88.5,88.4,Very Good,FINALIZED
EMP0069,2026-07,76.54,76.55,76.54,Good,FINALIZED
EMP0070,2026-07,78.52,77.84,78.32,Good,FINALIZED
EMP0071,2026-07,82.58,80.13,81.85,Very Good,FINALIZED
EMP0072,2026-07,71.18,67,69.93,Satisfactory,FINALIZED
EMP0073,2026-07,83.33,82.27,83.01,Very Good,FINALIZED
EMP0074,2026-07,72.96,66.74,71.09,Good,FINALIZED
EMP0075,2026-07,85.18,87.53,85.89,Very Good,FINALIZED
EMP0076,2026-07,77.45,69.6,75.1,Good,FINALIZED
EMP0077,2026-07,83.77,79.26,82.42,Very Good,FINALIZED
EMP0078,2026-07,85.61,91.2,87.29,Very Good,FINALIZED
EMP0079,2026-07,82.94,80.27,82.14,Very Good,FINALIZED
EMP0080,2026-07,102.04,100,101.43,Outstanding,FINALIZED
EMP0081,2026-07,87.86,93.48,89.55,Very Good,FINALIZED
EMP0082,2026-07,78.38,81.17,79.22,Good,FINALIZED
EMP0083,2026-07,80.98,81.61,81.17,Very Good,FINALIZED
EMP0084,2026-07,77.32,79.59,78,Good,FINALIZED
EMP0085,2026-07,81.46,82.66,81.82,Very Good,FINALIZED
EMP0086,2026-07,85.48,83.95,85.02,Very Good,FINALIZED
EMP0087,2026-07,86.97,90.71,88.09,Very Good,FINALIZED
EMP0088,2026-07,87.39,85.56,86.84,Very Good,FINALIZED
EMP0089,2026-07,82.68,79.45,81.71,Very Good,FINALIZED
EMP0090,2026-07,86.57,87.15,86.74,Very Good,FINALIZED
EMP0091,2026-07,70.36,70.73,70.47,Good,FINALIZED
EMP0092,2026-07,83.31,79.09,82.04,Very Good,FINALIZED
EMP0093,2026-07,80.28,74.68,78.6,Good,FINALIZED
EMP0094,2026-07,79.11,83.34,80.38,Very Good,FINALIZED
EMP0095,2026-07,82.7,75.11,80.42,Very Good,FINALIZED
EMP0096,2026-07,86.98,80.51,85.04,Very Good,FINALIZED
EMP0097,2026-07,99.77,100,99.84,Outstanding,FINALIZED
EMP0098,2026-07,92.55,85.3,90.38,Outstanding,FINALIZED
EMP0099,2026-07,85.26,82.02,84.29,Very Good,FINALIZED
EMP0100,2026-07,59.96,62,60.57,Satisfactory,FINALIZED
EMP0001,2026-08,77.25,80.75,78.3,Good,FINALIZED
EMP0002,2026-08,87.54,87.69,87.59,Very Good,FINALIZED
EMP0003,2026-08,80.55,81.61,80.87,Very Good,FINALIZED
EMP0004,2026-08,92.51,86.67,90.76,Outstanding,FINALIZED
EMP0005,2026-08,90.03,88.69,89.63,Very Good,FINALIZED
EMP0006,2026-08,99.41,97.57,98.86,Outstanding,FINALIZED
EMP0007,2026-08,104.52,100,103.16,Outstanding,FINALIZED
EMP0008,2026-08,86.66,89.19,87.42,Very Good,FINALIZED
EMP0009,2026-08,83.1,89.01,84.87,Very Good,FINALIZED
EMP0010,2026-08,76.77,75.36,76.35,Good,FINALIZED
EMP0011,2026-08,95.43,97.95,96.19,Outstanding,FINALIZED
EMP0012,2026-08,97.19,99.16,97.78,Outstanding,FINALIZED
EMP0013,2026-08,107.4,100,105.18,Outstanding,FINALIZED
EMP0014,2026-08,85.39,81.5,84.22,Very Good,FINALIZED
EMP0015,2026-08,92.72,92.73,92.72,Outstanding,FINALIZED
EMP0016,2026-08,89.31,91.94,90.1,Outstanding,FINALIZED
EMP0017,2026-08,84.82,82.26,84.05,Very Good,FINALIZED
EMP0018,2026-08,83.79,89.01,85.36,Very Good,FINALIZED
EMP0019,2026-08,95.01,98.16,95.96,Outstanding,FINALIZED
EMP0020,2026-08,87.26,86.41,87.01,Very Good,FINALIZED
EMP0021,2026-08,97.14,100,98,Outstanding,FINALIZED
EMP0022,2026-08,92.24,86.54,90.53,Outstanding,FINALIZED
EMP0023,2026-08,114.36,100,110.05,Outstanding,FINALIZED
EMP0024,2026-08,91.73,92.13,91.85,Outstanding,FINALIZED
EMP0025,2026-08,86.47,85.5,86.18,Very Good,FINALIZED
EMP0026,2026-08,112.51,100,108.76,Outstanding,FINALIZED
EMP0027,2026-08,109.83,100,106.88,Outstanding,FINALIZED
EMP0028,2026-08,90.86,91.06,90.92,Outstanding,FINALIZED
EMP0029,2026-08,73.88,69.26,72.49,Good,FINALIZED
EMP0030,2026-08,77.37,76.19,77.02,Good,FINALIZED
EMP0031,2026-08,92.89,87.53,91.28,Outstanding,FINALIZED
EMP0032,2026-08,110.88,100,107.62,Outstanding,FINALIZED
EMP0033,2026-08,87.63,81.11,85.67,Very Good,FINALIZED
EMP0034,2026-08,90.55,90.61,90.57,Outstanding,FINALIZED
EMP0035,2026-08,79.31,76.92,78.59,Good,FINALIZED
EMP0036,2026-08,88.26,89.38,88.6,Very Good,FINALIZED
EMP0037,2026-08,92.44,84.7,90.12,Outstanding,FINALIZED
EMP0038,2026-08,94,94.74,94.22,Outstanding,FINALIZED
EMP0039,2026-08,88.48,93.95,90.12,Outstanding,FINALIZED
EMP0040,2026-08,80.19,77.48,79.38,Good,FINALIZED
EMP0041,2026-08,89.75,84.83,88.27,Very Good,FINALIZED
EMP0042,2026-08,84.91,90.09,86.46,Very Good,FINALIZED
EMP0043,2026-08,91.06,89.19,90.5,Outstanding,FINALIZED
EMP0044,2026-08,112.03,100,108.42,Outstanding,FINALIZED
EMP0045,2026-08,83.13,77.45,81.43,Very Good,FINALIZED
EMP0046,2026-08,81.35,76.19,79.8,Good,FINALIZED
EMP0047,2026-08,89.34,91.61,90.02,Outstanding,FINALIZED
EMP0048,2026-08,94.92,99.21,96.21,Outstanding,FINALIZED
EMP0049,2026-08,65.53,65.16,65.42,Satisfactory,FINALIZED
EMP0050,2026-08,77.21,74.74,76.47,Good,FINALIZED
EMP0051,2026-08,69.88,63.6,68,Satisfactory,FINALIZED
EMP0052,2026-08,74.16,79.5,75.76,Good,FINALIZED
EMP0053,2026-08,78.8,82.02,79.77,Good,FINALIZED
EMP0054,2026-08,76.94,73.03,75.77,Good,FINALIZED
EMP0055,2026-08,81.72,80.73,81.42,Very Good,FINALIZED
EMP0056,2026-08,73.7,75.22,74.16,Good,FINALIZED
EMP0057,2026-08,77.16,82.23,78.68,Good,FINALIZED
EMP0058,2026-08,73.8,71.09,72.99,Good,FINALIZED
EMP0059,2026-08,78.96,75.42,77.9,Good,FINALIZED
EMP0060,2026-08,80.34,79.87,80.2,Very Good,FINALIZED
EMP0061,2026-08,82.36,77.91,81.02,Very Good,FINALIZED
EMP0062,2026-08,76.38,79.03,77.18,Good,FINALIZED
EMP0063,2026-08,67.75,71.37,68.84,Satisfactory,FINALIZED
EMP0064,2026-08,35.69,38.08,36.41,Needs Improvement,FINALIZED
EMP0065,2026-08,94.27,94.94,94.47,Outstanding,FINALIZED
EMP0066,2026-08,61.57,59.62,60.99,Satisfactory,FINALIZED
EMP0067,2026-08,88.48,92.97,89.83,Very Good,FINALIZED
EMP0068,2026-08,89.39,93.09,90.5,Outstanding,FINALIZED
EMP0069,2026-08,80.3,81.16,80.56,Very Good,FINALIZED
EMP0070,2026-08,88.48,86.23,87.81,Very Good,FINALIZED
EMP0071,2026-08,86.43,91.1,87.83,Very Good,FINALIZED
EMP0072,2026-08,71.62,75.67,72.84,Good,FINALIZED
EMP0073,2026-08,83.86,89.05,85.42,Very Good,FINALIZED
EMP0074,2026-08,82.35,85.11,83.18,Very Good,FINALIZED
EMP0075,2026-08,84.69,77.09,82.41,Very Good,FINALIZED
EMP0076,2026-08,83.79,78.14,82.1,Very Good,FINALIZED
EMP0077,2026-08,80.49,77.47,79.58,Good,FINALIZED
EMP0078,2026-08,86.84,84.08,86.01,Very Good,FINALIZED
EMP0079,2026-08,75.95,77.89,76.53,Good,FINALIZED
EMP0080,2026-08,100.18,100,100.13,Outstanding,FINALIZED
EMP0081,2026-08,83.64,77.42,81.77,Very Good,FINALIZED
EMP0082,2026-08,80.7,80.91,80.76,Very Good,FINALIZED
EMP0083,2026-08,80.25,82.9,81.05,Very Good,FINALIZED
EMP0084,2026-08,69.34,65.25,68.11,Satisfactory,FINALIZED
EMP0085,2026-08,79.99,79.9,79.96,Good,FINALIZED
EMP0086,2026-08,86.46,85.43,86.15,Very Good,FINALIZED
EMP0087,2026-08,79,83.01,80.2,Very Good,FINALIZED
EMP0088,2026-08,88.23,87.97,88.15,Very Good,FINALIZED
EMP0089,2026-08,82.57,77.17,80.95,Very Good,FINALIZED
EMP0090,2026-08,82.78,82.52,82.7,Very Good,FINALIZED
EMP0091,2026-08,72.13,73.36,72.5,Good,FINALIZED
EMP0092,2026-08,85.9,91.33,87.53,Very Good,FINALIZED
EMP0093,2026-08,80.48,82.69,81.14,Very Good,FINALIZED
EMP0094,2026-08,74.64,70.01,73.25,Good,FINALIZED
EMP0095,2026-08,84.15,76.54,81.87,Very Good,FINALIZED
EMP0096,2026-08,90.37,91.95,90.84,Outstanding,FINALIZED
EMP0097,2026-08,96.76,100,97.73,Outstanding,FINALIZED
EMP0098,2026-08,88.54,93.23,89.95,Very Good,FINALIZED
EMP0099,2026-08,85.33,81.84,84.28,Very Good,FINALIZED
EMP0100,2026-08,61.81,65.71,62.98,Satisfactory,FINALIZED
EMP0001,2026-09,80.74,81.25,80.89,Very Good,MANAGER_REVIEWED
EMP0002,2026-09,78.74,81.49,79.57,Good,MANAGER_REVIEWED
EMP0003,2026-09,81.5,74.49,79.4,Good,MANAGER_REVIEWED
EMP0004,2026-09,98.15,92.72,96.52,Outstanding,MANAGER_REVIEWED
EMP0005,2026-09,84.41,89.63,85.98,Very Good,MANAGER_REVIEWED
EMP0006,2026-09,89.23,84.93,87.94,Very Good,MANAGER_REVIEWED
EMP0007,2026-09,99.16,93.46,97.45,Outstanding,MANAGER_REVIEWED
EMP0008,2026-09,82.92,85.26,83.62,Very Good,MANAGER_REVIEWED
EMP0009,2026-09,82.3,81.12,81.95,Very Good,MANAGER_REVIEWED
EMP0010,2026-09,83.22,75.48,80.9,Very Good,MANAGER_REVIEWED
EMP0011,2026-09,96.82,95.21,96.34,Outstanding,MANAGER_REVIEWED
EMP0012,2026-09,95.27,91.63,94.18,Outstanding,MANAGER_REVIEWED
EMP0013,2026-09,106.16,100,104.31,Outstanding,MANAGER_REVIEWED
EMP0014,2026-09,86.02,85.92,85.99,Very Good,MANAGER_REVIEWED
EMP0015,2026-09,89.31,83.3,87.51,Very Good,MANAGER_REVIEWED
EMP0016,2026-09,86.71,82.23,85.37,Very Good,MANAGER_REVIEWED
EMP0017,2026-09,79.07,77.74,78.67,Good,MANAGER_REVIEWED
EMP0018,2026-09,82.34,84.88,83.1,Very Good,MANAGER_REVIEWED
EMP0019,2026-09,96.53,100,97.57,Outstanding,MANAGER_REVIEWED
EMP0020,2026-09,93.21,87.6,91.53,Outstanding,MANAGER_REVIEWED
EMP0021,2026-09,107.49,100,105.24,Outstanding,MANAGER_REVIEWED
EMP0022,2026-09,92.48,85.33,90.34,Outstanding,MANAGER_REVIEWED
EMP0023,2026-09,116.7,100,111.69,Outstanding,MANAGER_REVIEWED
EMP0024,2026-09,93.91,98.52,95.29,Outstanding,MANAGER_REVIEWED
EMP0025,2026-09,85.49,79.46,83.68,Very Good,MANAGER_REVIEWED
EMP0026,2026-09,108.11,100,105.68,Outstanding,MANAGER_REVIEWED
EMP0027,2026-09,113.15,100,109.21,Outstanding,MANAGER_REVIEWED
EMP0028,2026-09,90.11,93.59,91.15,Outstanding,MANAGER_REVIEWED
EMP0029,2026-09,76.36,73.97,75.64,Good,MANAGER_REVIEWED
EMP0030,2026-09,77.96,82,79.17,Good,MANAGER_REVIEWED
EMP0031,2026-09,94.25,86.88,92.04,Outstanding,MANAGER_REVIEWED
EMP0032,2026-09,110.01,100,107.01,Outstanding,MANAGER_REVIEWED
EMP0033,2026-09,88.31,86.06,87.64,Very Good,MANAGER_REVIEWED
EMP0034,2026-09,90.3,94.4,91.53,Outstanding,MANAGER_REVIEWED
EMP0035,2026-09,79.95,81.69,80.47,Very Good,MANAGER_REVIEWED
EMP0036,2026-09,90.94,96.43,92.59,Outstanding,MANAGER_REVIEWED
EMP0037,2026-09,96.75,100,97.73,Outstanding,MANAGER_REVIEWED
EMP0038,2026-09,92.43,90.43,91.83,Outstanding,MANAGER_REVIEWED
EMP0039,2026-09,94.11,94.74,94.3,Outstanding,MANAGER_REVIEWED
EMP0040,2026-09,93.3,90.52,92.47,Outstanding,MANAGER_REVIEWED
EMP0041,2026-09,93.48,96.83,94.48,Outstanding,MANAGER_REVIEWED
EMP0042,2026-09,82.15,79.9,81.48,Very Good,MANAGER_REVIEWED
EMP0043,2026-09,95.3,98.99,96.41,Outstanding,MANAGER_REVIEWED
EMP0044,2026-09,105.82,99.48,103.92,Outstanding,MANAGER_REVIEWED
EMP0045,2026-09,86.54,91.58,88.05,Very Good,MANAGER_REVIEWED
EMP0046,2026-09,80.72,78,79.9,Good,MANAGER_REVIEWED
EMP0047,2026-09,93.2,86.59,91.22,Outstanding,MANAGER_REVIEWED
EMP0048,2026-09,97.42,92.72,96.01,Outstanding,MANAGER_REVIEWED
EMP0049,2026-09,65.6,67.6,66.2,Satisfactory,MANAGER_REVIEWED
EMP0050,2026-09,67.88,68.95,68.2,Satisfactory,MANAGER_REVIEWED
EMP0051,2026-09,69.96,75.02,71.48,Good,MANAGER_REVIEWED
EMP0052,2026-09,80.87,83.98,81.8,Very Good,MANAGER_REVIEWED
EMP0053,2026-09,79.01,78.58,78.88,Good,MANAGER_REVIEWED
EMP0054,2026-09,80.38,76.43,79.19,Good,MANAGER_REVIEWED
EMP0055,2026-09,75.31,73.44,74.75,Good,MANAGER_REVIEWED
EMP0056,2026-09,67.37,73.29,69.15,Satisfactory,MANAGER_REVIEWED
EMP0057,2026-09,76.21,75.34,75.95,Good,MANAGER_REVIEWED
EMP0058,2026-09,75.66,74.16,75.21,Good,MANAGER_REVIEWED
EMP0059,2026-09,70.15,74.82,71.55,Good,MANAGER_REVIEWED
EMP0060,2026-09,78.04,76.5,77.58,Good,MANAGER_REVIEWED
EMP0061,2026-09,74.88,71.68,73.92,Good,MANAGER_REVIEWED
EMP0062,2026-09,71.9,64.84,69.78,Satisfactory,MANAGER_REVIEWED
EMP0063,2026-09,70.32,64.16,68.47,Satisfactory,MANAGER_REVIEWED
EMP0064,2026-09,37.16,39.47,37.85,Needs Improvement,MANAGER_REVIEWED
EMP0065,2026-09,96.32,97.71,96.74,Outstanding,MANAGER_REVIEWED
EMP0066,2026-09,63.88,57.32,61.91,Satisfactory,MANAGER_REVIEWED
EMP0067,2026-09,88.75,88.03,88.53,Very Good,MANAGER_REVIEWED
EMP0068,2026-09,86.13,86.51,86.24,Very Good,MANAGER_REVIEWED
EMP0069,2026-09,82.03,80.45,81.56,Very Good,MANAGER_REVIEWED
EMP0070,2026-09,80.94,80.55,80.82,Very Good,MANAGER_REVIEWED
EMP0071,2026-09,82.31,75.37,80.23,Very Good,MANAGER_REVIEWED
EMP0072,2026-09,66.87,72.15,68.45,Satisfactory,MANAGER_REVIEWED
EMP0073,2026-09,77.17,71.06,75.34,Good,MANAGER_REVIEWED
EMP0074,2026-09,82.44,76.93,80.79,Very Good,MANAGER_REVIEWED
EMP0075,2026-09,83.26,81.86,82.84,Very Good,MANAGER_REVIEWED
EMP0076,2026-09,84.34,84.7,84.45,Very Good,MANAGER_REVIEWED
EMP0077,2026-09,88.17,81.84,86.27,Very Good,MANAGER_REVIEWED
EMP0078,2026-09,90.24,85.1,88.7,Very Good,MANAGER_REVIEWED
EMP0079,2026-09,75.18,68.67,73.23,Good,MANAGER_REVIEWED
EMP0080,2026-09,90.94,88.02,90.06,Outstanding,MANAGER_REVIEWED
EMP0081,2026-09,82.09,75.42,80.09,Very Good,MANAGER_REVIEWED
EMP0082,2026-09,84.59,85.59,84.89,Very Good,MANAGER_REVIEWED
EMP0083,2026-09,78.12,81.68,79.19,Good,MANAGER_REVIEWED
EMP0084,2026-09,79.08,73.41,77.38,Good,MANAGER_REVIEWED
EMP0085,2026-09,82.15,74.27,79.79,Good,MANAGER_REVIEWED
EMP0086,2026-09,82.18,79.93,81.51,Very Good,MANAGER_REVIEWED
EMP0087,2026-09,78.26,77.62,78.07,Good,MANAGER_REVIEWED
EMP0088,2026-09,80.62,76.58,79.41,Good,MANAGER_REVIEWED
EMP0089,2026-09,72.2,69.85,71.5,Good,MANAGER_REVIEWED
EMP0090,2026-09,83.34,89,85.04,Very Good,MANAGER_REVIEWED
EMP0091,2026-09,71.28,73.07,71.82,Good,MANAGER_REVIEWED
EMP0092,2026-09,81.32,75.8,79.66,Good,MANAGER_REVIEWED
EMP0093,2026-09,83.34,81.3,82.73,Very Good,MANAGER_REVIEWED
EMP0094,2026-09,79.77,72.53,77.6,Good,MANAGER_REVIEWED
EMP0095,2026-09,82.69,77.72,81.2,Very Good,MANAGER_REVIEWED
EMP0096,2026-09,88.79,82.81,87,Very Good,MANAGER_REVIEWED
EMP0097,2026-09,100.22,99.79,100.09,Outstanding,MANAGER_REVIEWED
EMP0098,2026-09,89.06,89.45,89.18,Very Good,MANAGER_REVIEWED
EMP0099,2026-09,86.34,78.69,84.04,Very Good,MANAGER_REVIEWED
EMP0100,2026-09,55.31,51.9,54.29,Needs Improvement,MANAGER_REVIEWED